feature_1,feature_2,feature_3,feature_4,feature_5,target
1.3784474727506075,1.1357758450800601,-1.7839826428615917,-0.7666745542408524,-0.8131126510565692,118.42568142334429
1.208742596246326,1.0780564632224034,-0.5974960609083539,0.07510538274775982,-0.20920642052138783,171.8373550337807
1.2439639037437837,0.19278200942784018,-1.585653436578637,-1.5895529739895617,0.9391954097005804,6.356823096515483
0.07730154608004128,-1.2943512856070787,0.608455995934635,-0.3399474425008613,1.257011710115168,-70.48879478666994
-0.9850100304954107,0.3908169137884785,-0.5283307123060919,0.1766891547784851,-0.2283723548459868,-60.675474092561146
-1.8756576441513833,-1.7649058441929912,-0.2735620328781497,1.176499263211486,-1.7163214844677506,-181.37227830296123
0.15873649519664834,-0.13525274229024895,-2.0164744640135384,1.0492959361929646,-1.1071152412824474,74.36120269336237
-0.15963345222803463,-1.0348770180798643,0.7431881898419185,-1.0434752673113221,1.7245957759885384,-129.622875047605
-0.8357755902303311,-1.1010024401294065,-0.08500261929892995,-0.3670304090334166,1.542530509351804,-151.55410064793173
0.40063783614116966,-0.9108069049391655,-0.2588117271367202,0.941376973581389,-1.9545469898719803,57.378181525637174
0.5544940941620939,-1.072435456432492,-1.167416162341128,0.6027095836487871,-1.1420092154227601,37.54271263710625
0.5966178804816862,-0.6148732127963462,-0.40756992015276466,0.03660144970015317,0.9024440188389101,34.45065830613728
-0.24327562853935006,-0.8248007532856982,2.2281452131815884,-0.42628950721787523,0.8408039572299429,-77.07743794587847
-0.2678588209122717,0.3436179059553459,-1.462812809887439,-0.1917255072418894,1.092236356139574,-22.07875877538432
0.769442681287937,-0.3427905473741211,-0.972416335767104,-0.9919650190983661,-0.12768915100350958,-22.026942814232868
0.20008156286195938,-0.8528081066484796,1.9805974566318125,-0.31526856472387715,-1.3894218533095541,-38.97017382046038
0.11294293666105376,-1.391385932373327,-1.7373118044836362,-0.6097405630396243,0.36947246019888524,-108.06337549924076
0.06684525121036462,-1.4630149142355615,-1.2101293312988963,0.4614995839122404,0.7189939782464932,-31.667032202685707
-0.3308813912780768,0.7901501193726543,0.985747350589569,0.0926971196370045,0.3040028269860519,24.535668185165772
-1.2792669874721745,-0.41130113550710573,0.0705772649594467,-0.6942237195339183,2.164561485682507,-179.85338752622312
0.41996364467740943,0.649913190099498,0.23886979723190263,0.8974307131777214,-0.5744932294202805,140.7640550637966
-0.9110077589952086,0.3676475470670374,-0.2420913927590452,-0.5521115470325124,-0.39619707359119316,-109.44557108594428
-1.0006846882624723,1.2596227278690615,-0.5960169907361991,0.5698312525865736,-0.6474807450032691,7.174941208972183
0.5210586367334918,-0.9905685314224394,0.8956115116593056,-0.10651530153606827,0.7809536242318237,4.693167770832952
0.04824447512754431,0.5421396769222252,0.8491301368589215,0.5165583584399257,0.28653352898785733,79.04905559215237
1.7259180691174631,-0.34778895614288885,1.3756161521288026,-0.043160435450907614,0.6159659770231707,156.64442909617517
-2.6140524254745947,-0.8506231961162404,-0.8439920349429164,-0.5026036127416794,0.6709781935850786,-324.60972419391453
-0.2565613418714683,0.5463429492870111,0.1613293362523628,-0.04063197708008422,1.1670894064863422,8.345271465229139
-1.2488350183450463,1.4042202285081407,-0.7938378383306042,0.2489666330396408,-0.4600886604633805,-34.08695218600177
-0.5167885692995686,-0.6474198114940729,0.5082784032478913,1.2131438207163003,0.9082979411544587,20.079974865225115
-0.4114181824626193,-0.17941716050511686,2.171400683125106,0.0878242885074701,0.3891730750463959,-24.98384297010534
-1.6447274124732407,1.8570236019641453,0.13360234179547492,-1.789987584424093,1.0015655676465158,-190.5809049508366
-0.49064964621438645,1.1144876723791255,0.7320164070797421,-1.7772621650291307,-0.6800191279721665,-121.320915910915
0.69612771013087,-1.3500460043049771,1.1075686226437285,0.0341376420062259,0.21294159383558114,12.73173756629748
0.526829329181809,-0.20855696359697454,-1.1458358487603366,0.5810108712046018,2.033787331392313,89.64241874630149
0.687247922547287,-0.7620467996632966,-0.38371940598641063,0.7986879653039999,1.940783532606863,96.79199826084748
1.2506624396433748,-0.7751631801020813,1.868512096703239,-1.5911523888212218,1.0846330220160836,-21.227787738087105
-1.0395042554468354,-0.5245794143764678,0.9040109811942657,-0.26250157980955957,1.3275545119144754,-129.2511124414519
0.2514319671823103,-0.544408224038209,-1.0968032653173772,0.6651368026393903,0.6026494450368679,46.42194097991953
1.4300172815998788,0.7143354487892303,0.9744337629990302,1.1776035272531584,-1.7349809879784817,259.5155480221156
-0.36860141860308443,-0.05564846598169066,0.9282444234934462,-0.0322276763286953,-0.26810939990675975,-33.44506576331124
-0.1416183040564586,0.8444286818208925,-0.0028838578556112738,0.11475940142023126,1.921822270869356,48.29446104591294
-0.710875965665062,0.9696804116576642,0.043899322059167294,1.4437374323016892,-0.242597384664575,91.99331083345815
-0.3748531534480055,-1.4711841285510694,-2.1738618217465717,-0.5846927239753249,0.13378691366354203,-159.65573736480098
-0.2742682055330041,-0.18421450729110855,0.2814549671804963,-0.5172165363066782,-0.5178959882102957,-70.90883621408287
0.03388151026730664,-0.10797273948443104,-0.09760486864226624,-2.537641718572293,0.23376097791193023,-188.55402112473436
-0.43644113088739367,-0.13724915018951905,0.23149041189944525,-0.7646042518011338,-1.6908920908587062,-108.39708300637297
0.32925497706438206,-0.3948768151363385,0.20067819898577421,-1.4432784326035573,-0.2333730397437517,-93.50105270380224
-2.0374447778865417,-0.7334521569740254,-0.421834986729249,1.68179015456713,2.6273187397139686,-90.04737299662958
1.5021188048051932,-0.6204220964162878,1.173237364972848,-0.33007748676822246,-0.5741448538054975,92.76257726447936
0.4570892592978749,-0.13900038328978673,0.20790098243896754,1.2655151847658428,0.5685023510807719,138.82091974603583
-1.053311182607404,0.09221236774844034,-0.05145022977277055,0.8322346880725043,-0.9184195977541446,-32.67977591596641
-0.8145493182965268,-1.4397715537801714,0.20437020544591836,-0.7375626923953541,-0.05772322199159261,-199.4407672924373
0.5955511890688334,-0.059017296127250755,-2.39573855018198,-0.9686091467460735,0.7996356987559914,-26.50249322990885
-0.43439610683189983,0.2958219937770419,-1.7726982901045676,-1.44085034977095,0.13507992787442497,-140.90898680706388
0.25063749703500837,0.3000205429431427,0.30515274029610306,1.6205970797890406,2.3790578410259986,175.22538788960324
1.2501091187717621,-0.0479132330778002,-0.2717418340701628,-0.09495725777786429,1.5486961041114422,117.13149315039962
-1.096243792817394,2.124171953264624,0.06301354747605747,-1.5696124292535738,1.388872638337907,-107.5586751159754
0.4213274830904933,1.465074011386036,0.5330635359921952,0.20090163669165992,1.3870900703565154,139.0935132291031
-0.4279394646075231,-0.4957060432414781,0.6006058232661876,0.4089441219103985,0.6679880861770272,-24.58466193847315
0.1344481809370871,0.9402687354391603,-1.5949477966350436,0.7376620512071053,-1.1997654404147324,103.71193373392316
-1.2596230913537974,0.35538597871025235,0.7412322383311649,0.6212031992253003,0.000640640958601778,-46.74217943301963
0.6325386619059865,-1.2248334095293558,-0.2545405373539995,1.099892160908381,0.6586626936417764,87.12373985326757
0.2571751274202179,1.3610628682926103,0.34093733163129636,-0.9106981048935288,2.0774376947882054,37.30808773771647
1.0207194004854678,-0.30318254199406763,-1.2440961907545323,0.8087822972556378,-0.4178041309942812,137.12090540962433
0.9797721048213591,0.7354622201835228,-0.530134108507095,2.2134394835754057,-1.0313234476183109,290.8185607061983
-0.25293640353935126,2.007594241250476,-0.48856270086293363,-0.8364185377566157,1.1099301976350422,17.239144423592666
-0.22246402298318735,-1.2141248096230466,1.2948516741168392,-0.7454314484751015,-0.21199086937785386,-127.07447556048328
-1.186804339685284,-0.8602112620134869,0.9749282751958691,-0.28047117535416455,-0.8099103983953019,-169.52797076688452
0.23722665956381,0.16645610836028032,0.7193758076576593,-0.9382844429734823,0.5224018593736491,-30.1496603708616
-0.8224280422042274,-0.42619654879666,0.7425876966338624,0.9602002947059126,0.6630252021524446,-16.23401626542209
1.4484763330244956,-0.08555123158299333,0.9425160577008496,0.8806540135906532,-2.003561950063234,198.34872708961296
-1.1347901058207757,-0.6891980810334478,-0.03688838950246109,1.1739114639631765,0.4090971347522597,-48.67631512318064
-1.0673402183083505,0.8471285278653352,1.2262440899184484,0.431377067909124,-1.3456770612982418,-22.91580183539418
0.8484870938955645,-1.6399813656269149,-1.6548525864043133,-1.156512458340051,-1.078693423809039,-97.2268734571142
-0.19074047727101998,-1.6459700370243477,-0.9512470854756762,1.493607588659617,0.14304930150175058,12.598785003036522
0.6537095681371117,-0.747057773526832,-0.3728531700933562,0.6436040272343477,-0.8712046589803625,70.37920189813092
-0.8979832510722329,1.0613536132035428,-0.2641445406682305,-0.9658608173825898,-1.2386782758794546,-108.95975819322412
1.6052979931062494,1.1523999054905245,0.2036702560836201,0.28470230259278007,0.5014444900259081,235.24170489219267
0.7820602223546799,-1.3396680437399235,-0.2578468595050447,1.3377176584146644,-0.004454671573821843,110.57010308145522
-0.3518707346994758,-0.2378413875907131,-0.5317898888881357,0.6436104223441608,-0.2505291579238021,1.798948821434744
-1.8820923850039775,0.702474864417368,-1.1540540473837848,0.035673654136555585,1.336108974426331,-137.61033390788884
0.37242011579639867,-0.2918048108161642,0.3664921988161777,0.9303563153309717,0.3086319510268684,97.18857620327032
1.2838358987405358,0.008578911316216175,-1.0837668068162996,0.09690728192594311,0.8761679197862242,130.02970752104267
-0.595231608937722,-1.3589892383158357,0.16637784808035372,0.723734463462591,-1.4823269314242846,-71.09457105393656
-0.8024147424822404,0.05804977492278254,1.4956736635958596,-0.4492651727880788,1.4472900360314467,-88.8224121883587
0.5782688721191044,-0.7386758763711516,0.5187965793795161,-1.1256596124720422,1.593122912766199,-53.70642796278926
-1.0616044944295373,0.7004945680719127,-0.07552819455728253,-1.4007556814102817,-0.5108346869567753,-171.40679128323185
0.18888842132056755,-1.7508323241752386,0.7136975849895756,1.443657392405298,-1.10711149232258,43.547883377756904
-0.23183562365373972,0.40905422063039837,0.5565085993434591,0.14484145011396593,1.2585984419370477,20.88219031467634
0.16196875439059308,1.2378060506862016,0.22093258363746016,-0.6551771323655549,-0.9237763300098126,27.223665896985025
0.33175867482301924,-0.5982631906657228,0.3947212957718867,-1.1385084214486965,1.7155747108408228,-70.64818223865007
-0.2093203573362679,-1.3736824106252896,-0.059911370320363574,-0.12729729966603676,0.40071243552815033,-91.47214463072288
0.580518922291983,0.4118652163121379,0.8073018399513748,1.0349007827433299,-0.9552172156547616,155.7492238554281
-0.09843612210581404,0.2906793374342887,0.3431748816485134,-0.9404018555004552,0.8036305091248043,-57.08763385583116
-0.24096799084474377,0.6957299469495525,0.5953909116622365,0.5202795911656798,0.43744391480012335,58.30798181547938
0.4953066053576762,-2.6709733720492825,-0.02549349372693006,0.9738255119304252,1.3360137772877767,-1.8208980567062332
-0.12737378574470193,-1.3660922267806281,-0.08296082629334532,0.09181672544489,-0.39765248397391917,-71.31490863383227
0.020727188811681563,0.8197076226782335,-0.03156089295851823,1.0449931109626558,0.27565583516099174,124.65918421782445
-0.22527384862478414,0.2836189039196506,0.17219702026504619,0.9397628053394307,0.4952723337655659,69.9155583080159
0.9813381130870534,-0.27191411478594035,-0.14858341151133844,0.8709522520963263,-1.469492934127794,141.11899991415
-0.45743689599374615,0.7907801391467201,-0.4056903605282373,0.534947168428586,0.5208781822907668,39.46482181447263
0.7125896170566381,-0.13016733356364946,0.2726750809572392,-0.20578117722114858,2.1994513363465185,59.7178139069829
-0.13043092339304221,-1.6214150709044879,1.1521377282463776,1.2820679299029734,-1.4693352385203615,8.081993261782289
-0.13237533931437248,0.6593561851568653,0.5878337461990852,-0.4602102636264786,1.1047732687798806,-3.382654027478154
0.3218881499507491,1.076593473640731,0.5454701950284635,0.22142668762382195,1.7364244700465605,113.72271538896148
1.9991056199036785,0.645641658651955,-1.032562071434712,1.3977347970172922,1.0812578078552406,327.56399570476225
0.08450922179959557,2.491380228069118,1.2076086043128507,1.3526821863684522,-1.3491191096074027,235.8168552574476
0.8658184676214993,0.21819914566539964,0.358873526160993,0.2943487900897295,-0.5127217988124635,117.2375421927004
0.8279774353255744,-0.4887417604089249,-0.486230770184528,0.6653291302337275,-0.26471892330578184,103.92483218367258
0.4937803884771345,0.9553871696361304,0.751372745078837,-1.1870100239532482,-0.6287617332684645,8.915958945623796
-0.389902145829365,0.2603146522627451,-0.44013575089246854,-0.30794810048152393,0.676890634760534,-43.1455214515419
0.42087197072852994,-0.24509086217463372,-1.368270721150024,0.5697160201477184,-0.5641336666756045,63.27325225382418
1.0075536469403117,-0.14157342742110565,-0.4614014781050068,2.144812256807044,0.01687870487605423,250.14357647762628
0.7216147636542232,1.1732049377489475,0.35637525477072063,-0.2520227221114999,1.5735065927383798,118.8592594245895
-1.4500976731960735,-0.8291606511557226,-0.5375036631574129,-2.029476268934175,-0.18076389868314038,-329.9237992840615
-1.2513005697155992,1.0718646365822355,-0.33302603140291726,-0.9107189562882468,1.3362196538605065,-126.33874557649996
1.2259858873355263,1.558032672092347,-0.4405791492344548,-1.0794443411390424,1.3864900874694281,116.98664634509674
-0.07519411042775831,0.3095919787097966,0.2679300694719974,0.018779069764529796,0.23331146828992141,15.23109412187263
1.228808420105301,-1.5119224677835001,0.44347882459648075,-1.1054672598170037,0.5457857523831072,-32.30360214171578
0.5378891029270797,0.9534391716558883,0.9562544713249826,2.125427237701382,-0.6427623075770217,263.05993922924176
-0.7267026981781218,0.22135589250117704,0.24094860854113953,-2.2641331290816993,-0.6591036898528132,-226.50654223074807
-1.8173405471462916,-1.1808824239236042,-0.7915959997539639,-0.7441319454959011,0.003753200629251651,-286.66670400119193
1.717515646238381,0.09939696068733161,-0.6249713468368852,2.2932960627141252,-0.13163615266631515,339.1358449068745
1.8519436345530893,0.6204978521746962,-0.01717380962450555,-0.13598150343943027,-1.547863481307777,191.45596166778867
-0.9954714748396369,-0.41866998401145805,1.336103561653021,-0.0024330872870203446,-0.7526366419174817,-107.87910539814784
-1.9388389586171637,-1.108272985709047,0.146563553422257,-0.24460968316840442,-0.08247274892406675,-252.4784029265558
1.490213570639916,1.9236335016027188,0.2024536517762035,-1.754779633060704,1.1453227190974307,111.82595737928108
0.18769684868001932,2.4796435258296388,0.8349878500855981,0.8855777283353479,0.9351564604556584,217.7599281543979
0.9226896367974888,0.9958275606776494,0.907839081662017,0.6382003203360511,-1.0937887372256858,188.12288764751776
-1.3254948213853095,-1.7391007383386472,-0.5199930540991639,0.10619873544015944,-2.3810409948887528,-212.68553337146216
0.12242878091954786,-0.06300656707179605,0.8140933285848115,0.8110849075000053,0.5341762928917041,79.31804568437998
0.4419921283448677,0.9308384438615338,0.20042979505037695,0.981446954556054,0.8356364002960918,169.07711680099857
-0.38492989070784606,0.04528049055140674,0.3194040344972951,0.23853950797042972,0.10268216850909652,-10.075498455077645
-1.4875934043580832,0.8748323150641253,-1.499847555851509,1.415725868419208,1.8237124289628688,12.428921549344548
0.33989821768569467,-0.842193151684012,-0.022690439826324914,0.41015213681492124,0.07990131522056979,24.780474985495395
-1.5488934389769022,0.3530297592676018,0.45692015670425695,-0.23719261225492427,-1.070663394716422,-145.78327595972698
-0.2629258940877575,-0.06423259630926749,-0.6471308056207076,0.12031252936035257,1.0136373537745103,-15.530926663084523
-0.051662002868167474,-0.4301061606105498,0.33738652687755205,1.0231400370405122,0.06983731788823479,56.262691425024535
-0.07819399438550918,-1.0486243744890846,1.1324223034823204,-1.400830707792978,-0.0223153703273369,-154.89129194331983
1.5498111714105982,1.1004695365808366,-1.1247402615524653,-0.9199497070658413,-0.9306100994817603,124.93201768553776
-0.1723004522257832,0.5861222023692871,1.2185823633229373,0.2804481072638653,1.5530253832818213,50.74567203065537
1.3680344127594561,-0.5301168632009761,0.8639614362118478,-1.5252819665715935,0.7647517607330332,-0.6550867504813523
1.2522481454550458,0.7295460767831842,1.065360921361882,0.9867826242671989,0.17367630700688488,238.35025552727055
-2.0439635776877396,1.750879175808281,-0.9250242266763243,2.1637503481165243,-1.1143152680876809,48.58710421430951
1.076134592116321,3.122554011268099,0.6602116450582437,0.1955867902633442,1.278914720904417,282.4765433522245
1.4766993608021097,-0.8415261441526037,-1.2087926515971115,0.6458407402698827,2.4474841283641564,153.56512910848176
-1.3014208500881923,-1.4791641109173062,-1.4407009305412621,-1.5977553104024365,-0.986525853202202,-324.64925841857894
-1.6258920650263045,-0.23106965337790322,1.2198932519870638,-0.028944822135987015,1.00521361189234,-152.76634943386404
-1.4294980422978483,0.21922132115919538,0.009051733780942296,1.0839678412850744,-0.8142755882425172,-43.52927651753726
-0.27075898831736145,-0.3290291636198253,-0.8582015650348271,-2.001344204790791,-0.10083137014488211,-194.06197921390333
-0.4927273292055201,0.973786139239236,-1.6535366028759295,1.1294397719856404,1.153378059556199,85.42495829183164
-0.3470836119382681,-0.7619525574948472,-0.37868764813401085,-0.8425105483464942,0.6395922288786119,-130.18646091429054
-1.4974389563275992,0.09568861477617897,1.9470519984065209,-1.3713266909572641,0.02220619483843859,-225.93164758185907
-0.15565486158364544,-0.9870059701064062,1.7921711919908898,-2.8492248098412887,0.18391251789984547,-263.6080297172438
-1.2091263395442773,0.33132685864971384,0.0066676680874855,0.06356642917894158,0.6345148726581363,-86.871027977146
-0.3042115158815298,-0.45404261303151333,-1.567195700706386,0.3281270520097228,0.9060404693682353,-26.356029022061627
-0.2541494611553958,-0.454966359911755,-1.2561777809102188,-0.02148073112487212,1.278267142618959,-46.75640539835169
-0.4466982225890641,1.3062920364043171,0.31850238482293647,-1.1117196619531051,0.014461832813361494,-57.08076890337233
1.685890927544613,0.5293536231728062,-1.6006105191737598,-0.37650038538415775,-1.4700548729552088,144.28945633229205
0.18363838094794224,-0.27107049671525035,0.7211952721662196,-2.363298904444259,0.35572309648946493,-165.73372586055487
-1.2314253550058223,0.35202520557834344,1.5321818861972127,-0.09530356392921571,-0.65864497220695,-97.4807898965362
-2.25855599704099,0.41630871453054524,0.8294626709547137,1.174974233385535,-1.4550568979819727,-103.90219902318906
-0.7529563515466878,-0.5375740383134034,-0.2679588878472116,-1.839034294725328,-0.2455004787491661,-233.6419170370216
-1.2495107721834613,-0.21702272395221,0.14676930538445848,0.31047998669990007,-1.3781062229357415,-106.98202892551856
-0.5453038959649038,0.23898785034880307,-0.8142217294163362,1.9729701556281263,0.8224080788488535,109.63028675365648
-0.32494740518802745,1.1292629237695424,-0.5843159391340836,-0.6813239606114923,0.4930359989669418,-24.29778034782382
0.8705963801113462,0.1970604789814,0.09356849209146006,-0.985321214407005,1.0375529983959682,26.81047101582824
-1.3808010144812681,0.0468254502642167,2.295358970788099,1.4785292341742928,-0.05174336456214591,-1.6645616301067456
-0.3164535791669948,-0.32492873596612315,-0.8203548855336379,0.0002843574242043496,-0.34298937746421165,-48.07485910988011
0.5334167315250821,-0.7876085948755591,-0.033548972460799194,0.4389740907739707,0.048695291450724626,48.848768614335754
-0.1520828229930637,0.5398551515167989,1.4740325502176745,0.34438943878721484,0.047021994577860986,49.48590512912351
-1.2197699218838014,0.17193629652850123,-0.5677337060977616,-0.681664548699851,1.1886488844267122,-153.46760635732653
-2.123751010989027,0.16265333449041572,-0.2070793758877286,-0.4524667322223453,-0.5977651361520202,-227.7093922894132
-1.4142980725453602,-1.4522987528539315,-0.09782046884417893,0.2958723594368593,-0.12261626070519174,-180.31098277732855
0.275965111631604,0.14516033256347038,1.4545175289198162,0.7512987296883988,1.0607737039688727,105.59057874940588
-0.9749228763389018,0.4458497804751399,-0.1744222583309542,-1.6657658201633339,-0.5000427337275445,-195.53721008215652
0.3087054427366038,-1.9369734185574583,1.0297442530250351,-1.0985516994264202,-0.5416259062548908,-141.73924766289284
0.8867537102917402,0.7940588054550665,1.5929327237339421,0.564127213730391,1.6061485300458243,184.61957224196755
1.1127259673426837,-0.258336866627858,0.027568162963734023,-0.265963832602995,-0.8742333825859533,71.27329025205694
-0.7751753895439888,-0.07119534326911973,-1.2045247756566069,2.548119176313507,0.40677359667172786,114.05985217082107
0.17103428350414204,1.7744402866086892,1.8422639809271113,-1.9946501145495499,-1.5004893261844865,-40.95390153686517
1.6023596433380636,-0.727767743453004,1.3181174413256498,-1.1923389599027092,0.5981364485778963,39.08831448034857
-2.1070994232114906,0.05090438973606797,0.19393877919367278,1.3077384081044825,-0.9919097735061058,-98.82319180657512
2.158520770442048,1.3948551406578265,0.5662347160217888,0.8842397727043644,1.8023532001477536,352.92522152680067
2.142803122415711,0.2285122091305873,0.6760365127478245,-0.015201819629698693,-1.2041127290591254,213.77068348432124
-0.09683673570716264,0.6524623227477412,-1.0604589303659935,-0.9666190839630735,0.2142262136909676,-51.87068203323648
-0.10790140409299469,-2.2359778503384584,1.316275242093339,-1.5721684744052336,0.8382709328154392,-224.660972308729
1.0322474382011846,-0.39453807746038577,-0.11717760553672286,-0.3411075055529729,0.8575018388867456,58.447482950413495
-1.0772623595454076,-0.39374807836485093,-1.1992625366933847,-1.3441130761680835,-0.03480962014595177,-224.96483425622984
1.158689028206972,1.3450240736695427,0.3022986209060607,-1.1726580369039374,-2.4452281016880804,81.52431503983493
-0.2440216550282071,1.2245792745979085,0.19710258328972954,-0.48075545749224824,-0.3577492930757559,4.029904032809928
-1.8134427279422176,-0.10699057692025218,1.2603425221389326,-1.0161582821286326,1.0511730089994007,-238.93193750218555
1.5684735212739043,0.10769198320684906,-0.67689861973782,-1.1631708387960333,0.6534985019019994,68.30610068524499
0.5188933212563845,0.008607688641796445,0.7747233780357088,0.28531933486625144,-0.16542804471831613,78.36863299047249
0.6563712551585577,-0.9389202982757363,-0.46976160639018105,-0.6196296373476029,0.44406678933183225,-28.096322640111403
0.8655727884946673,-0.5654555348241495,0.5338663389055297,-2.5682336341881404,-1.2599595133615766,-139.1574005007313
0.856592992876232,0.24995075079289925,-1.130267426918363,-0.37192716532776543,0.35704179099222233,63.88371924127388
-0.7116162021072441,1.212136121892323,-0.18530744121843937,-0.5149696764428077,-0.24137866370206745,-45.48104921347147
-1.9410238797455133,-0.9376446887442706,0.3339927793004468,0.33527680980442004,-0.5793066568927743,-200.8374664063206
0.24631999944989055,1.307198466465709,0.9930377248941624,0.14860221193469267,1.1888703416477069,112.72090894515748
0.3561077598695302,2.217757646854274,0.035449754441882655,-1.4145767782650578,-0.752096438353846,36.1908585763885
2.091353255500998,-0.5012942924660713,1.0596616857299077,2.2734437050008642,-0.03388166318607128,351.5605456768467
1.0417921387889886,-1.1892816252889837,-0.18439465994207258,-0.16313904357327572,0.322233769662064,31.31220857717536
0.31267918329835626,-0.143078722158081,0.39104453983190945,1.1102552062403792,-0.06805115531064274,110.50848061896993
-1.9636654036991148,-0.12937359156276904,0.903900431500769,-0.15774630554993224,-1.8152626980501148,-204.2395159699024
0.2948686929636431,2.026030822602644,0.5459394830873653,-1.2965941260920375,0.4844479165147541,38.18897068276403
-0.5612242634382046,-0.18158254940442084,0.6876468667381406,-0.9671143078131902,-1.1533216931518482,-133.50704316785368
-1.064916521071559,-1.1328268413753368,0.10276683247861129,-0.21719052078364473,-0.07990328642061617,-169.25187536113248
0.08116837967930943,1.3725819613166623,0.1554215784969627,-0.31083024868228787,-0.5312460500865372,53.1601220351543
0.7673042033547205,-0.6325632140404649,-0.7678300933622301,0.3483186776950897,-0.5194008718806384,64.87331727110158
-1.764338187043102,0.24144687627453165,0.8571674161390109,-1.1473050811325483,0.171641543310806,-233.24845101880945
1.4913034838956236,-0.9310056624496111,-0.4881786765271294,-1.2662476688678799,-0.4963376644408896,-2.006867412017629
0.1071635947964825,-1.2808958170542508,0.1921045725851359,1.2693733225068577,-0.7674552973774039,43.95891513774504
0.4500183339273216,-0.42356677163942513,0.6756623158327195,-0.5561588915825305,-1.0527878741907544,-18.44774229470186
1.9365005827364181,0.9560825956889536,-0.18194806566240035,1.4095785686617794,-1.5307885231861227,331.238060593358
-0.3618648437123105,-2.844670508085621,1.224986329346255,1.7868373124847479,-0.47340966648919847,-32.18961346564615
-0.6493484451940618,0.14823023857434203,0.05580996953119853,-0.7936580063845229,-1.0961450254728906,-116.5825486502922
-0.2619805445906202,-0.9899336206501466,0.39899278224170887,-1.333006475668137,-0.5879543759606295,-171.22115502496294
-0.3870028550883755,-0.24521783322159907,-2.826504196732626,0.22059440624114393,-0.9906614495547076,-48.09292063611248
-0.8076788411500759,-0.08368632565310476,0.1417481291876836,0.03834807069502342,0.6547674288555181,-71.3126613703808
1.0993204423219167,-0.8780539277121229,-1.2822582926191162,0.7299692602407082,0.26367692215896693,112.9210029759256
1.1004868004997217,0.7909755959273744,0.08919565204572658,-0.08749350416324926,0.06556504271830586,140.47646938200998
0.5498741284298663,1.6645137664075964,0.8683122752289358,-0.8138961416518133,-0.3354029831103544,78.68036405009839
-0.6828352216380768,-0.46519322981762223,-0.06038111185628473,0.46935345065929285,-1.0036760342349693,-53.99910731103975
-0.43639758717228916,0.470597064684713,1.2993890339149028,-0.7962319552947432,2.2483741741816607,-57.574378961193986
-0.4647950502163552,-0.7531614551865765,0.2670467143249593,2.828261649334308,-0.4935137086620104,134.08651617173513
-0.28765989833884154,-0.27172494646813145,0.06612606783075753,-0.7607364512757442,0.8103433429516701,-90.68955530832996
0.37473692758675997,1.9548705320167192,-1.3900080360060805,-0.8441352028061546,0.3942483124648593,65.42469600211568
0.6192612723292645,-0.06672787802511335,-0.02936774253905348,1.0786951090647734,0.6388956341134904,142.13605701790263
0.5683857087478662,-1.6058463093469955,2.80259691328735,0.808278198263798,0.9854931013524868,58.21797176138238
-0.7803700579755216,0.7001332808327162,-0.815386908173128,1.1603744251431225,0.1584946638260826,46.68184838946876
0.4719378694867254,1.0402066844440523,-0.2917716543109422,-0.43168480020744004,-0.35239913161048936,63.25640348218858
-1.2022754277086152,0.05852075981799574,-1.8578753607877605,-0.734644735294177,1.5539312326856431,-166.55627110175664
1.6933574769424433,-0.5862187586109696,0.9704297273614125,1.95752248396014,1.4780131891941346,292.95884515253294
-0.5789587010893346,-2.0940387964909077,1.3326745438753111,-0.20905261401985079,-0.5460528034226965,-165.40603533907475
-0.23342144658524377,1.3820908715041391,0.6333688321602091,-0.48111228276739687,-2.122201859917937,7.628806049270642
-1.6540171387342941,-0.5223289587226824,-1.2126411066528464,-0.9623166612718642,2.168261467251997,-248.76836958485816
-1.4827614676496284,-0.8232275835118584,-0.17947447201458494,-0.2581245974299234,1.1574722018481323,-192.28894886779932
-2.3430624409870044,-0.49289680352699633,0.4992804109772131,1.318375730793339,-0.05689185104121877,-141.59188316687533
-1.3293016485554507,0.005209826240382816,0.7066511064572637,0.734680171629582,-1.3593753722456192,-69.95677411534108
0.548690692688154,-1.3398655733032596,-1.2096651268687255,-0.09319580418294449,1.5052765310375291,-17.73562577445667
-1.0827432238889514,0.5365632442116189,-0.3808116384300181,-0.7171317758959144,-0.10135053552223233,-129.26065235798714
1.036968201625099,-0.4714309471202898,1.5603856786760923,0.5828591860622201,0.5927696605629217,132.75324569946082
-0.905725170832719,0.7933407106192378,0.4869275566985924,0.8006393804747928,-0.04014706376741468,19.84593613417562
-0.12669110461822455,-1.606300006722207,-1.7661468202882653,0.08262474061229412,-0.8881767074160521,-95.18098962684655
-1.279606445348097,-0.3177379427214973,-0.3803998747125078,0.20493056105860105,0.2526092951279182,-118.46913290247431
-0.7757011243090315,-1.109297467601495,0.9011556197830046,1.8436439626474477,-0.20903776627253642,18.70013692987311
0.660340565080252,0.3238908841945285,0.04519539626706497,0.12602155202137902,-0.6350098147671558,88.48563753962796
-0.4759735372864183,1.1382136276069836,-0.18884618261185973,-0.585991763061061,0.8111329816344095,-27.910063051353895
0.30841314494151123,0.22967768319370863,-0.336893615299805,-0.08156903630367122,-0.7521205479900444,32.186293149073336
0.1399820103137331,0.9178886455756808,1.221996275361553,0.19273838581769792,0.9271624052702597,86.90713318644478
-0.45799075966269653,-0.9798415389296461,-0.007966485914413094,-0.14634860009270714,-0.6084133476788189,-102.25622001325252
-0.07556931920247764,1.4985839681862967,-0.17177386080672694,-1.0327562752941517,-0.5295106447617652,-11.174443150007606
1.2515786207778998,-0.9692794328752686,-0.2593429534511479,0.8352035295648954,1.0420402610554775,140.50297934762864
0.22996955837474697,-1.052158391395201,-0.2151510941269035,-1.6354476096621062,-1.4903383047020455,-156.79356701149808
0.3548109674325701,0.7074341532571312,0.011093003805136977,0.5582538411475043,-0.10277775682602491,113.626885865195
0.39970935050176104,0.40079836262261953,-1.4599236534007172,1.056703876995592,-0.2640415851695009,131.2511360268055
0.26741174834678183,1.2449232404907187,0.559532294991069,-0.873662359156004,-1.5133322022154991,20.01091272015069
1.825124429242851,0.8342351686080739,-1.0789269397885684,0.7185680282891467,0.7259738320647138,267.9157478063389
-0.03453217539723821,-0.9357297735339715,0.6639322961775913,0.6995869426030354,-0.38340092347039534,8.176875332791399
0.3734657472502319,-0.7176858915042056,-0.7020471735972922,-0.6912325652562444,-0.24342718139496955,-54.40882844129392
0.34305936536556514,0.34406541609910474,-0.21669378739860806,0.2917659778786822,-0.6225677622228122,70.54763585192813
-0.44357074368391164,-0.4303257322302372,-0.2957653156917499,0.4032285034071207,-0.6507453355173316,-35.31927585339135
1.3488032479640404,-0.9082344966847073,0.7592580280873521,-1.321574732078812,-0.13988740543037653,-9.748262504642598
0.008548561944736159,0.15331216848098275,0.10884153508256222,-0.21951538224739092,1.1444965480940237,0.3423636931045913
0.46705793436734255,2.4765935547443934,1.2743461249689438,-0.26288469886181703,-0.08406868441214473,155.13504529064534
1.7023245395238835,0.18310908572339393,-0.9179133417592371,0.0881251720918407,0.018377639895919805,175.32306196718557
-0.3906879669520519,1.4273519924423634,-1.0029546347815634,-1.5230137714274659,0.7932606628783408,-79.722302300638
-1.0331378837433023,-0.19372155852002365,-0.6846230043978603,-0.16068383357691213,-0.8948087102361681,-123.29933554455548
-0.15004107604990516,-1.2777073339060976,-0.9359585346171214,-0.578236660290655,-0.866678728102222,-126.08384836051572
-0.8836796410132746,-0.07746476958670813,-1.9432254786571463,-1.7867572593102206,0.36749657721007395,-227.00474952407953
1.237017951807031,-0.6162631135427418,-0.9933420418266355,0.6055015463396161,0.09005929279522175,130.02865454630967
0.5264291620202132,-0.189296093262138,0.14841153382265615,1.0280905709439274,0.9172124278441371,125.35045991958968
1.424841104824453,-0.5772766350053914,-0.2939441675074749,0.3022563053343424,1.5957233298535605,137.11204217540174
0.6537321911309438,-0.8389686997509659,0.05816004189513102,1.1248794877495114,1.652891238066583,116.23450776425202
0.12482088878894367,0.6911786893302176,-0.7019307030717914,1.5343043620421952,1.5776072992548638,167.57950629676333
-0.8607569703097978,0.9569399984358488,1.6242518321174335,0.23505304818390327,0.5823352179870467,-1.4168898765054403
0.4301678463250446,0.5995885005438324,-2.3597342880567074,-0.00480407861116957,0.8996530456217072,63.57147459615821
0.22578054218454444,0.5534253844061627,-0.8877897097473123,-0.1381722850180339,0.2475343984264769,38.17921149405714
0.010377989580946479,-0.14677043874946613,-0.29252622729017413,-0.605293879918002,-0.522471856589609,-52.3602298997453
-0.9554717325908061,-0.1847816989828096,-0.4409781461754137,0.5533019826005524,1.327329758156598,-51.164128149512585
-0.20118382734021675,-0.558763276051185,1.1010691416701623,-0.41730296149445145,-0.41489328476481696,-70.2061483913587
-0.03519130272152769,-0.19124240068726572,-0.03219980951691263,1.6144376289638005,-0.6326304276751377,109.2085438608313
-0.26645161913252835,-1.4482057955736245,0.7133612484836294,0.8283204380054994,0.288956348840386,-25.44105976957041
0.6659912697388481,0.850806908247382,-0.22801260087360814,1.7757617625780133,-0.8124577435728275,237.60574457674323
0.10687263667771991,1.0138767008024792,0.6637982040312235,1.1309548858513825,-1.206119735492057,146.28584583154213
-1.7930690274935366,1.0873390603702489,-3.345628932324581,-0.680251607533264,0.6189688055741424,-179.51915892559336
0.8124313402137612,0.5065057489998673,-0.009931630766207044,1.1441738835654522,0.5349839585263556,193.2339284180499
-0.4433666544946414,-1.3003820457699902,-1.3495057668429407,-1.2862723957637283,0.8670049904139856,-202.452087869644
1.0457731304567672,-0.8028804138338941,-1.3346677589005564,-0.8852867006959718,0.03687936820106883,-10.5523366938875
-0.603452699387275,0.8916370315845028,0.8300594799226849,0.10852993758268098,1.8811765003990726,10.673048953642436
-0.4026943557732283,-0.7272692933267566,0.9841598354364219,0.8784433485507565,-0.47984822015596107,-0.94111803833732
-0.4326262617484634,0.5446056630238734,0.9918337497771657,-1.7428448354431505,-1.2062904636069476,-142.1326550140106
0.6711158463290448,0.1136260644595152,0.09748845283127659,1.8515008574906922,-0.47629617626993004,209.78770353358644
0.5928275167777288,-0.4702235292085486,0.21660984584053722,-1.144359211788644,-0.4472260244352072,-50.93413658687658
1.2700936978282618,0.29161797134639006,1.5629389873594226,-0.7150562031198525,-0.5479561279538094,90.18760838850744
-0.1886059966630543,0.3354980106337958,-1.8181190840514263,-0.07850446246563932,0.4982078095021712,-11.405639499614995
-0.13106447422323741,0.10470511565729207,0.39752653548441963,0.5960540988797546,-0.21809206639548012,42.99115611235076
-1.2474000837579742,0.9731674160130406,0.0845131815609026,-0.7817430717031999,-1.1149889632170582,-130.12985327575947
0.6677772195679988,-0.308604469260394,2.096185337001507,-1.4213152786476833,0.10335233053242632,-44.31056393132122
0.04122865894916173,0.8800125198715266,-0.3045542638401371,0.08949899463883898,0.8890486882611072,58.721376655116
-0.16735203047829042,1.6899474080764614,-0.8136411566327943,0.3274430009394939,1.15761930625991,95.35682966082558
0.025449515341880103,-0.04737716593697055,1.4833726122690216,-1.1264127609101537,-0.67134929678077,-77.19880708964308
0.7200271402044975,0.6707255114030997,1.323939318978901,1.6164736914205413,1.1953497219037714,237.4496004351789
-0.5814373769418588,0.7123701301361158,-0.5897919537598649,0.6997147197407462,-0.7755421731650296,29.227303949674752
0.24544875137885327,0.832623560479108,-0.5502885561254977,-0.3641005173686045,-0.40764113983426936,34.95142727801355
0.625733352565731,0.9323658129251545,1.266303862564622,-1.4388867797607021,0.15183644540603977,7.1144033048700015
-1.2979070380738986,-0.7768525667205675,-0.6133908733256043,0.6261189888796247,-0.7338477380527947,-117.13230505249167
0.6656106080354572,-1.4419821678361688,0.9296321700265139,1.7575792390251588,1.0230999628567545,136.48948950663066
0.5420423455165122,0.6557790038505255,0.08693556692648059,0.7778632808641457,2.771457040721078,157.41995850668232
-0.001718796214844093,0.1610558109958175,-0.5958840698106432,0.7928907263978777,1.7599791432471181,74.71141387715647
0.6053175563686607,-0.4712030402700202,-0.6995665410870298,-0.696342205155696,-0.4050158728181023,-21.567745192459657
0.9229199153138749,-1.130960671107666,0.5009960977899671,0.935911726232543,1.6821019923059528,115.2512088986326
0.6987078154153543,0.5345189214769304,0.5534125208336943,-0.7707231240095144,-0.8004829121572812,36.20451801505212
-0.3677349083625669,1.10039674807748,0.03444297590208411,0.7743609506581524,-1.5051634887845686,74.46613585395336
-0.3309560286463345,1.8174696444507041,0.035770611847371375,-0.2637097656864663,-0.547025514681122,39.071421779769814
0.15759113021297694,-0.9727208272829151,1.2059090868799518,-0.10201117248827125,-1.8516086525387487,-38.852750418402785
-1.9555724527043303,0.39793617962238514,-0.8549829452717179,-0.49979563352991513,-1.3043301979933815,-210.2768435787859
-0.09545622601392337,-0.6027992959046578,-0.38888282025994353,-1.7588898252899028,0.36470016707962266,-168.49406265314516
-0.6631686466507424,0.7793074910185067,-1.0259106171902914,2.211507957490769,0.5599988516475609,142.10918970233118
1.4235228613732351,0.1228725403401556,1.8126492289958394,-0.6063709713067977,1.4351591243848052,114.41203373331268
-1.178644570486357,-0.35996868577517,1.7304746684017869,0.07452268746659746,-0.10971724922484663,-110.83378010942174
-1.7770899562684082,-1.3629238327507154,1.967264935960258,0.021172877580123553,1.140856744471711,-213.83812015987812
0.36738269443496835,1.2917651759137019,0.8687926752795537,1.0657275837065894,-0.11008150509965615,185.35993649729355
1.4340684553145375,-0.3026566597749346,-0.01811776147071363,-1.7136272279085052,-1.453566063238875,-11.103751860210174
-0.39899193740267447,-0.27085104808743227,-1.2227046027946384,-0.7126388746330156,0.7810195875240699,-105.08164276157666
0.32905299559884776,0.5074530313452001,0.012610097385936265,-0.6367289126834171,-0.6391034748934925,8.626442719846711
-1.1737558977897802,0.6772004792406093,0.5338576828666345,0.38283626486023714,1.2443859291247343,-37.54816257546797
-0.44467640298739974,0.9387386359612161,0.7025979056530146,-0.08474591787439482,1.7312509780843084,11.845774145648328
-2.3308796678057138,-1.8688445683205086,0.5195674080959785,-0.8278732777107872,-0.5655183363059164,-370.88932506080494
-0.8439489257233186,-0.18794179647763976,1.5027188284667903,-0.19083253041392734,-0.7613099935130128,-95.98387290025347
-0.05358154436352181,-1.9441484449149293,0.8624849261001123,0.7395617460817415,-1.1446689457988213,-41.75497369271826
-0.7179247006504403,-0.42250332741179025,-0.6009816504042074,-0.5625023626935118,-0.46381296523178595,-133.1196314560633
-0.718618501908203,-2.3197990279989136,-0.4287745135449372,0.03178151267320894,-1.6714540361699193,-185.84378138012335
1.0355339603975853,-1.2416219786031304,-0.25130997373889763,0.5235090425532141,-2.6814584828373524,66.13706345118136
-2.0728269844583385,1.4280269424923422,-1.2037404530629776,-0.15325952247432664,0.33882417035390444,-139.27650062674888
3.1076508829699927,-0.655715522536337,1.6085350174283302,0.20836534249376926,0.9551530303178778,293.88406737269895
-0.4556782206485516,-0.44696057919791743,1.565535009704498,-0.11304076545852387,0.8425714231232106,-58.05775063421111
-0.6184565378071202,0.5858146812604562,-0.8777518913606415,-0.13108962918902545,0.24149113020835758,-40.772646676349105
0.6569198067688017,0.27041980784228015,1.1208419096660172,-0.33984044737737945,-0.4485471208133447,56.4879873799752
-1.3452084494355019,-0.0380096888466335,-0.865927202742099,-0.5320294428703128,0.8405810967969197,-167.51284776748653
0.17928361529001802,-0.6366069851335926,0.1734624137078733,-2.5698360288309434,0.012622963652981128,-202.8656413427193
-0.017122763190524484,0.012061211093935688,0.3634831295883919,-0.466441072219662,-0.5289181318738463,-33.54107638239361
0.34153163726966185,-0.6828050607944004,-0.060512531511598126,-2.5764527243034223,-0.3589989865358746,-192.58092852791185
1.1929197333772763,-1.4710618624716638,0.2209575394205169,1.6707752513417584,-0.02008325840884745,170.12553475014636
-0.2743557942627264,-2.5941202807008534,0.18165051120576658,-0.7995156939884953,-0.6660590087845305,-212.0633724945073
0.864290772182156,-0.8038206170749368,1.5322608207068087,-0.2710125347114722,1.0242809391886747,38.643504583953025
0.8272234679693486,-0.4515565569194025,-0.06005229736849426,-0.8806382035386899,-0.4158256195057471,-8.826958940776594
-0.5989842876772085,-0.5280051249461889,0.09075787666066286,0.1845792263049928,0.9070847043190738,-61.36835064743381
0.32178101445540525,-0.14867124876041837,1.0735179902921943,-0.3034271179140501,-0.786462519024193,5.6169062637003115
-0.3099535456478542,0.5361310672729711,-0.16196734337903093,0.7212787632629393,0.09766961370476611,53.39705420006857
-0.6920936320935677,0.854788114634155,-1.9440473685289252,0.316598613747695,-0.6510223112447839,-10.058856471956028
0.04436666223759256,-0.08946389381661511,1.558708236062373,-1.1983200632104758,-0.6092024948927989,-81.61458834810877
-0.7089930711986802,-1.7488366941580675,2.173758725842734,1.4739840069065762,0.7351271329115393,-24.05876664566142
0.17360130761369905,-0.4822752569998249,-1.7816645486718128,1.763064620584907,-1.319806979885569,113.13560380899536
0.48041114054904527,0.7317153174943355,1.3980247898518343,0.2615038704698871,0.2367959201963018,112.98451376448072
0.7667133799223357,-1.238107103060359,0.19433859047782967,-1.7252227264234317,-0.7454975487910688,-118.03728708682532
-0.01645070503854926,0.21555656628625958,-0.5305173864315245,-0.11800022278628938,0.9746748600856465,4.948528639660118
-2.4067744073488875,0.5116614536211053,0.5416910383851412,-0.4315468117091628,0.09353852534602997,-227.8444830641352
1.4203063912736238,-1.2278011441060066,1.1254026369319328,1.204299549221562,0.30005308575934103,174.91166195889127
0.782786996222212,-0.5735170010971183,-1.1798312938023745,-0.9215837809924559,0.1531882003585389,-26.79639600920857
-2.38715136252099,0.13941617703201653,-1.3089995053585584,-1.512742674093639,-0.19771615852999036,-337.8016463874369
0.4035664158792692,-2.004243646944472,-0.4618353024054196,-0.437367271412983,-1.2773990334052878,-97.64702019746542
0.5356503218322536,0.6861241340785845,-1.4263542884934095,-0.5396155133943197,0.15589635578326733,40.39689247364463
1.1980337643662602,-0.7193903445828939,-1.141287409915116,0.37696355988018926,1.2306864658212364,108.8293774181202
1.000666602187722,-0.2914334433561829,-0.8940413629728493,0.19665908817331154,0.6893343386271528,96.767594977122
1.1924259793438634,-0.25732768492637687,2.13501109852284,0.6755790571830321,-1.2954527055434133,159.98194042078805
0.11344458209835705,0.6591320115647153,0.8194841545837496,-0.9960716174179127,-0.3313201088702473,-25.136362831271207
-1.0995999388407338,1.5884134388980164,1.2197914494876008,-0.6151921372425675,-1.3467805885993063,-68.26887108597751
0.6983234771984073,-0.8758978513045466,0.8278949031129227,1.2785572320680507,-0.8497022413981435,123.35827708582804
0.042428138533281076,0.035169323594033526,0.7276915659726714,0.15745349145541662,2.0001616682906924,34.258675215896254
-1.4217559033673197,-1.2373053488735093,-0.9947580599047493,2.6875384085061045,-0.37794153510390266,1.941728752001439
0.49813120949277934,0.4683131434741764,-2.00889014040168,-0.5047920769634286,-1.443744611312193,18.0882956207997
0.40344678998452743,-0.3294120970437514,-1.185521687952038,0.6971992777639414,0.8815448140540068,75.13689379165746
-1.024342425425215,0.4043136088266496,0.44161015757826144,1.6567929309096825,-1.1936190628329981,47.64209631362132
0.3547977875140935,1.341226256486804,-0.31271373499627225,0.3833071538722977,-0.6141516628681031,126.2328846398248
-0.7837940973130066,-0.6813511064956125,-0.9079354438153756,0.6768477629841898,-0.02259997169486025,-59.068200674344496
-1.356058676775787,0.05303079514120006,0.5927705126023005,-1.347451376977454,0.2976668051775719,-218.38838253084836
-0.2191330226288882,0.8210746942730356,0.7048547890357616,-1.6678679674162726,-1.4745666254571557,-105.87487711745622
-0.05909747293183971,-0.1717049808497716,0.24473220060558143,-0.29298696493707255,-2.5630850544089516,-42.85747004162588
1.2828000645912832,-0.8864095390758961,-0.33319306619131794,0.5646830345839658,-1.232246557573734,116.1792506739579
1.2164616995600912,0.5660760455814451,0.507004136711394,-0.526255471543795,0.13571945841543992,109.38504474005796
0.1409211901678685,-0.1073637712769676,1.7709312642635437,0.7639839235830942,0.17323440969652654,79.24491919501271
-1.9244894725925592,0.450541383217523,0.2963226809219946,-0.7270526234713103,-1.949673004477882,-218.20505680400925
0.8522198808827521,-0.5920946657823752,-2.2308200558223104,0.27457909471553116,0.6485145322078846,66.22824504110294
1.1600887689425623,1.60045981618781,0.004755640342348836,-0.21965793917391946,-1.2796576602649397,169.48648031858625
0.1664526627966457,-1.0477735099118453,1.0389786225615754,-0.31126864599018544,-2.204207760685135,-59.87037023683536
0.7509419909337017,-0.5906140820932583,-0.33134273686523336,-0.2588655422011136,1.1070178531791124,28.49344371827807
-0.38627263515139487,-0.8146795358648873,-0.6000647347878167,1.3244580888993653,-1.296565079915461,17.11128381011652
-0.06101180152702797,0.05747684184787636,0.3550434213791618,0.742546704597118,-0.4406432441788688,56.27432678228984
-0.11176872267674787,0.2951704570269743,0.3940353307381965,-1.0761759435469176,1.7620858871272262,-63.08190742423051
-0.3314106705820908,-1.0588431836094203,-0.0437868664941344,-1.2944669785492084,-0.9635600089631776,-183.15545752977272
1.3705854913010087,1.9606667156531168,-0.3191857019286266,-0.011669968631585028,-1.069865413515886,221.65221160718755
0.16583526064831108,-0.3608022495194551,-1.3690113824891021,2.0150259913830015,0.7140999208323147,148.63950636500843
1.0346429313012806,-2.355510335594285,-0.833443196377497,-1.5178213349314769,-0.7549516698825128,-136.87349071228834
0.8237834508216275,0.4611056446023618,-0.5176009965677357,-0.30425593072531504,-1.220843862473163,72.4886200394664
-0.22128968456394082,0.010535087133020685,0.7266007672012185,-1.742521750841543,-0.9735500199507329,-147.99100174659
-0.2486299868494992,-0.22203560350185494,-0.5675965967232,0.04196276438520419,-0.9566595647435612,-34.79129275138131
-0.906305806652579,-0.363602405541489,-0.025073679787464255,1.270356909035351,-0.30651268984078595,-6.264899623815982
1.7801184657274254,-1.3294601647453212,-1.6114127772383233,-0.10635519861014293,0.4186558851420364,91.2307894738322
1.4239278137658575,-0.866331955871712,1.3232127507359182,-2.238717833429489,1.357367433830244,-60.16440564003808
0.7401452109700496,-1.3030734313544035,-0.1266641218111934,-0.36916468877276465,0.008338591255586295,-19.30463108006232
-1.8012384185192503,-0.8121293062921113,1.5119950787031182,-0.9277930033153997,-0.7082784734176244,-270.9253316014865
0.0010872773170122548,0.947430223777038,-0.6135141233712164,-0.6680912864585224,-0.74638930406948,-7.45368143661203
0.8770816205646396,-0.42277230495332346,0.8983792129798994,-0.32112102532209896,-0.26813618652579496,44.05394019300453
0.17748500053577937,-0.8061181537370489,-0.06298939012215743,0.756884481191107,0.1465563778452798,37.56695816784379
-0.5894378624252836,0.4426891468762432,-1.4954954022338405,-0.5049903817799274,-0.12346899004637783,-77.21936126211881
-1.4113453916943137,-0.5189963766309245,-0.5399174490157026,0.5274944566558606,1.0732343459972145,-114.41696676093842
-0.8553138319557019,-0.7065020247535377,-0.7838196437413733,0.16479364814457875,0.23018002485483094,-104.18783354493183
-0.2899051792830678,-0.31445999941930314,-0.8099950777343178,-0.8878740721365229,-0.16165781723444062,-110.7548221279922
0.6892263607051268,1.3691493327624165,-1.3851576122235012,0.4296125213531936,-1.3905659232409122,154.29953391999987
-0.21453512714224754,0.25574286597854395,-0.1959566757202646,-2.4496882763840078,-0.7466900673748073,-193.027471879188
0.1406400924118304,0.9985612613386631,-0.3544637764085473,-0.37405269780572026,-0.573012585455459,32.43071551557768
-0.5757361126747519,0.4308514737815413,-0.1770109299212287,-0.43157521346020405,-2.2676414061553194,-73.08531143948562
1.2682211946836395,-0.5209812958158742,1.041090626626255,-2.2882529707007984,-1.15718653229068,-73.49898806579155
-0.2778945781467331,-0.47388922669810335,0.03540690744847723,-0.16343874192373298,-0.12315495069739624,-59.26006789382917
0.21345162511710095,-0.11263453642625493,-0.6371467663227386,-0.9575668921376385,1.2427814767882919,-51.853118615091105
-0.9861296326729782,0.1912417259995953,1.2128672423243803,-1.8909191313567284,-1.2200787454482764,-221.43509934069135
0.296183473524017,-0.17107091310977016,0.8566973366815286,0.5693854089369196,-0.03944129862761953,70.56384475854252
-0.665990084271908,0.181696544080576,0.45865389869345435,0.3003232479350233,0.29907370129328037,-23.532962087044872
0.11642388326134469,-0.4533389249270627,-0.6366721649319668,1.0648690411882173,-0.3846956877752571,67.50395431597715
-0.761778357571496,1.9698251448626918,-0.5678779158677743,0.9627725488110809,-0.18624809783536447,96.2352860686941
0.03740108407652318,-1.8311057835205187,0.3453207167466485,-0.8208422833622643,0.051098550947219094,-143.0272227187931
0.6816505335867191,0.23456820682939017,0.9112990483869333,1.3149369378896707,1.3491834359162014,188.77003548835623
-0.6231235264542642,-0.13533379293390538,0.3143024883098628,0.358086967775863,0.7872490867130905,-30.9650222007766
0.730976015831878,0.1933427444341506,-1.2513538453950463,1.4193228472784354,0.14148239549553193,181.8822287723184
0.22395240464006327,0.05929645874658917,0.13473009081454676,2.0039962843278674,0.931906935604782,182.9900344472741
0.09843344255439358,0.8603766656519548,0.7022874033215931,1.7569179785751512,1.5637364634873672,197.21804972704467
0.3455706248419705,0.4743608251676378,-0.3619675951768321,-0.26941033645271123,-1.2972912180515355,30.537120707867672
-0.02520462494729041,-0.08226909134944807,-1.057279953573894,-0.04969386027265106,-0.49847350748865105,-14.460437868297015
-2.6206480619095482,0.9183354049318275,-0.824901319932525,1.1965716563568416,-0.00027141964159539174,-114.9661188290518
0.43654330953311876,-0.9707805060000735,-0.6085591855677311,-1.207381621155182,0.6137584313922241,-95.26289249285722
1.4263221657033758,-2.834715108173111,-0.7509840550451372,-0.986739163025316,-0.03597666470301031,-79.43076613821219
-0.9211594880184744,0.10027785146994075,-1.6213984086945643,-0.9875886598490785,-0.4158923148155838,-164.34439687436256
-1.1194795215929227,-0.21475691959816903,-0.22725190888451055,0.29763750387209487,-0.203999656902112,-93.7382121807977
0.9855196503606,0.1380758742574142,-0.6326287689848438,0.8003990896474197,-0.3042884090143089,158.0480975353078
0.40104610607311286,-1.0347827500998634,0.7223059577590858,-1.4308695274321699,-0.5982676999325953,-115.94336666782792
0.9120005962046529,-1.2992799162312956,-0.8310863490763568,0.1767412682661666,0.8817152503811558,39.142595743858664
0.5408999508336207,-0.25957623484604847,-0.3946468530450852,0.7765856038077649,-0.6206206570275368,95.15406657799856
0.5844044503806172,-0.20660924551806636,-1.0352830607561025,-0.20457514300229387,-0.7060698959199299,24.510118826842582
-1.4805942033023414,-2.1026827580346046,-0.4624885508125518,0.2880096194618947,-0.08018602117271757,-221.0205383074699
-0.5082765263174286,1.0081814783992107,0.441514461091821,-0.792792047432994,-1.926869245908914,-61.2888893229796
0.475533249644979,-0.07064845896725327,-0.6859916690367114,-0.5190932550971047,-0.32548758885205364,0.7018087931990743
0.6226014491138386,-1.3851176845543376,1.0439890799445215,1.8027886519275709,-0.30798400914918156,133.2525048448011
0.27541247419799525,1.681622124425584,-0.2805358329905052,0.6992567969397768,-0.15099751764277713,162.36482959509095
-0.4250819996312371,1.9836702368572248,-1.698336950601727,-0.44798397739005025,0.012349484845291492,17.98694921324124
1.2508214477887134,1.6763643372723998,0.49163001895602054,-0.22386293449666306,0.2214043810409735,190.5465206316153
-0.8320815786884671,1.9445199005521498,1.095898900928603,-0.16223966106277876,2.1589546884473916,23.354880096879626
-1.4511336665292303,0.05075743263974767,0.16402675843710843,0.06478693228817226,0.14590808909809844,-125.89205621114267
0.2249843885345992,-0.06299160681001414,0.06453238101269719,0.35723802929189263,1.5196900797596817,54.55287689165464
0.07352258425075675,0.7093727610524913,0.023008678793111404,-0.24098371544164857,-0.9256403329176336,23.560198257183306
-0.4597571831402458,1.0973750488136917,-0.32578594379829073,-0.539815265486139,-0.24970204764999832,-29.851598434224716
-0.37962157053152124,-1.9181556667763706,0.19948559761848475,-0.22610405959302257,-0.040553290360353385,-143.109821624967
0.354366875636403,1.2851557854888485,0.8354721976944794,0.5906443379285891,0.23014157356721907,149.46363651802554
1.4149916409216308,-0.06635026782047765,0.8448468181735836,-0.18634996056672473,1.4282036926135862,130.82741662293543
-1.1123370798834717,1.7833158259271031,-0.8274127082256937,0.4957292100822677,1.0350411139960252,22.645848437992655
1.5207314280349773,-0.5101595031169484,2.9190698493259704,0.2489175272471918,1.0684108455649208,161.77791585933397
0.4584816294203123,-1.3304291274769653,-0.20562777185074568,0.8450319375165962,0.7260485128696058,46.16906893726069
-0.4310537130754141,0.29984367509673127,0.8544916262276513,0.6488308823733532,-0.6152475597368072,27.580479817196963
-0.8690788190048109,0.002747954422922559,-0.4416980554860068,-1.5059685446232587,-0.44468762236772186,-196.0719087772802
-0.7131896043768451,0.9700796653423661,1.2961794644809463,-0.7611171524741607,-0.194931483871508,-67.2550604589694
3.1495654032720544,-0.02685783079493841,1.0490691060247783,3.0839161250489524,0.1689608983307274,538.5536047552414
0.4792859070005082,0.9159596146712012,-1.4896375305203842,1.7879140376324223,0.9879740526414907,223.69578465886912
1.1885148532725531,1.7672925310283818,-1.0571361903474712,-0.5130939254555902,0.1031092899349117,158.5629251876968
0.016055703066043547,-0.4356658278548643,-1.838134981714207,0.08273119650456069,-0.5852820431113249,-23.938090652805062
1.2741395433669551,-1.25861401975566,-1.3004834877311333,-1.0170278853311407,-1.2048805998081702,-27.721635268307175
-1.2115276429554858,0.3527137636376162,0.2509893644343562,-0.6805187288683376,-1.0903990644028938,-149.43856928475887
0.5556845651431768,1.0366223144463609,-0.059721382896772195,0.5259782513890017,0.7396093719228513,149.0035692643047
-1.1119521439267213,-0.40663666789121483,-2.7477676807108544,2.8316200410691637,0.7228985587686403,78.2953552869172
0.1745107592641059,-0.06668468726643882,1.6190120124192229,-0.041268873680820245,-0.73116741846014,18.729101961136113
1.4768927646884138,-1.2539989771106643,-0.7659660017652482,0.2566310689563687,0.7966019157538099,100.19189049018128
-0.973622876064897,-0.6027306641089755,1.0352156546063982,-0.774743664031917,-1.7652172810783273,-178.42013181198837
-0.6726271640296234,0.6942650485708836,0.023020420748077752,-0.7693785754456659,-1.1442150020573463,-89.14850443940729
-0.3858644929614355,-0.3540305535955033,-1.3266747287813512,-1.180605104058499,-0.14481497455227382,-146.2698481117741
-0.02826635571213801,-1.163543315767444,0.527474207006391,-1.0890245231031128,0.5280722803615332,-134.15910980577488
0.15431208872322952,1.3160292375876264,-1.4341901697139745,-1.4132251468224448,1.5697031397149563,-24.782612761667263
-0.2570071291898092,-0.6864926696493061,1.8913856219187672,-0.15602054124846348,-1.3369840685770134,-61.82072040298157
0.15080657288036955,-1.3868016022490057,-0.8282383634806426,0.2553798017331274,0.43035328228126757,-34.01574417130691
-1.4469722231296613,-1.2126736643307379,0.014103150327990886,-0.03552942965610202,0.3131185572710489,-193.95929088213072
0.9754750305215538,0.3666084433167457,-0.9773045596995051,-0.5000998771424121,-0.4010470786676793,68.91543268251579
-0.8119902298214619,0.18293102381142737,1.086968395823453,0.7267152675088538,0.24519586881639072,-3.6339206017612495
0.863234812745262,1.8649321036016668,0.9304053683309725,-0.2164286785717616,-0.4638768746737265,163.10604400237233
-0.08026310530790101,0.3304115283178092,-0.32898475574972774,1.732418344598848,-0.5080693141880317,137.7217612083506
-0.5551376678485649,-0.20945851483036132,0.8003899968341681,0.20694488154896873,-1.2578581874167107,-45.18583608859997
1.3263359164185697,0.782074643851525,-0.7831018093114399,0.1745471907600012,1.0069960920810943,180.70633070276864
0.5450704503969419,-0.9676926251807817,-0.7037239656889727,0.5444967958561142,-0.02102904662784524,44.74839568463637
2.1055982107890796,-0.23481265430942694,3.074428312543661,-2.237036020483269,0.5134501707297376,42.03471370277296
-0.6558843281895106,1.1246061389997526,0.32454436306408635,0.626218669649274,1.36231014747611,51.90288025433216
-0.11085465792831094,-0.5442078261091509,0.2906450492457,-1.0244953340360765,2.219728864038347,-99.83214564770113
-0.06342082131981039,-0.46664211370293684,0.8399849995730657,-0.6517864282233774,-0.9186357213666566,-74.06404060393976
-0.35019558120297917,-0.6288352356079691,0.032236953100574936,0.22882242628950322,1.3016883132804735,-37.478125906839786
0.04581404705113453,1.8433761307268095,0.876378052804327,0.04333396938082907,-0.45310369932515804,103.6228718717738
1.6711923785607148,-0.9906870712311318,0.497777083769469,0.50863838163754,1.6970958562084193,160.55920188652797
0.5935946938980439,-0.5137320625866172,0.6200766654757961,-0.24520422262271874,-1.1516409833276438,13.61917696973432
1.2284517598307856,0.7098312357073766,-0.5943068753443467,-0.565997945427075,-0.6798777775148893,105.11229199146274
-0.4712667761226875,1.1766589446296893,-1.3518729923641748,-0.32809615318794305,-0.21421128034962134,-16.211104151350852
0.32220137197633714,-1.9361134021470556,-0.536766199660054,-0.8315121794545725,-0.6738185368266242,-130.67335622465603
0.3580457929640377,-0.524640898181964,-1.1012109181069845,-0.13845983601075051,-0.583005048184162,-7.657129538236728
0.7182414391011888,-1.6862735178128458,-0.150635517072974,-1.0332017528601039,-1.6487443694948782,-97.04070934577508
-1.3808743285187175,-0.2913276394680505,0.5750080710400451,0.14363007456542798,-0.11697814491801309,-128.08113969058869
1.480731234055849,-0.5023162168839854,-0.834190533327204,-0.49653218177529307,0.3621602546677155,77.71877963525527
-2.2908402882165055,-0.7937682026110358,-0.9488912910612728,0.8893074070303633,-1.121429841142865,-196.58443153856047
0.3066393352793111,-0.5836790048052389,-0.7586106782414098,-0.9330631750596983,-1.1502594891848674,-75.43854614733331
-2.0216535393278963,-0.9656753763052356,1.2955612730249748,-0.4930608480099361,1.0604105273014701,-259.6585667138105
-3.539647980258711,0.0377902129841975,0.2521779206591511,-0.42611287775234197,1.330997118246964,-354.0798213639723
0.3926513629947091,-1.1318220372193806,-0.43664012522998746,1.6350279690942409,-0.05301195692228889,105.61327209714004
-2.059815779556601,-0.3677589648219069,-0.5491579103639795,-0.49255721100356964,0.9692285622832867,-244.93159653267995
-1.3570580477412817,1.8343475561807243,-0.5852717517026484,-0.7804192856135874,0.160313292400821,-96.51600988021634
-0.8564215882224804,1.7414225733923159,0.4473754791637554,0.8608348200315827,0.4648430215937684,76.66975716748921
0.258502514352628,0.6552577352083158,0.3214569130501548,1.0624206807636671,0.44272668280044153,143.30057350663623
0.6470616567480022,0.10652373450178657,0.24459966595126206,-0.08483641861611493,-0.21749582041911886,63.589998721705165
-0.9476740581984076,1.3816480501907016,-0.31675801544021637,0.041801389458552086,-1.5774964008928474,-24.559312202120797
0.014627309336496688,-1.4631285458091259,-1.1951730948466437,0.5265782206266901,-2.1344455665857898,-44.03352650791763
0.44157871423276973,-1.4806048901532671,-0.2330457780052571,-0.4754082793204116,0.14019514469543973,-64.1037893327113
1.2376785086501674,-0.07468683318985306,-2.293252483248268,-0.19404922701729704,-3.7224704073583474,72.63068672134624
-2.1173044517644386,0.43071367513430897,0.6882885196542579,1.343540745738885,-0.8382653431728001,-74.5719513981863
-0.09276335560421604,0.09226997944600399,-0.44687987090118575,1.0702610693373873,-0.04305262577479214,76.89113286948132
0.028289767507638817,-0.9883960245564368,-1.020257961620474,0.4075303921626309,0.4498670189667871,-14.971397408267142
0.7191338730235345,0.18690862863515986,-1.4816296086699468,-0.503305252933866,-0.3238956775235336,33.36956244754643
-1.023709408561654,0.9722418194126591,-0.8723874449160856,-0.2595962448519269,0.5148547097696208,-67.4882022230039
-2.8658950153204987,0.9567452824252324,1.224627660760765,-0.6408625649663932,-0.4928306243125921,-264.17290879608197
0.3329373992151032,0.06307984728740072,0.10025752381016462,0.3873559059722034,-0.34766272194489584,65.36478893266232
0.6804260381111445,1.9040912578390958,0.9816477302925103,-0.459561833821964,-0.45450808631207074,129.4711375119386
0.6465067186215787,-1.1520911955757838,0.48870753395892114,-1.427488986529244,1.3884319659683058,-91.08784614435427
-0.36392585229772356,-1.087691326736417,0.41857636061850056,0.6413979608805693,-0.059730738086083555,-34.117532723431026
1.012093816385414,1.4323863421374903,-1.149567620622899,-1.6814217789811812,0.017408629100690656,36.24526941102948
1.234032948361352,-1.3627039204529257,-0.8603552952796102,-0.7384033140745788,-1.7613439649360723,-14.69456849813593
-0.23599693475214306,0.5004803521965674,1.9044008417455327,-0.31923738458296996,0.6902909230855856,-5.16522737435537
0.04253400709961017,-1.390354420654758,0.43739597732190527,1.2950137548842457,-1.2663040167293345,32.71469751863462
0.7597972814671977,-0.624565849379743,-1.9956029336716226,1.0227759278670019,0.36692963512514465,111.40652844761227
0.5929389619676043,0.6262441584157827,-1.3527094852639976,0.41480027288293436,-0.9139324827547564,109.6153004299065
0.07349565866279231,1.6913172485960457,-0.657602021038034,0.637993166695272,-0.32926746290911085,135.89397300654338
1.4782935894626836,1.9124565416075632,-1.4852270049628444,-0.5366941860584978,0.5736988663848194,191.4777925301324
-0.8527971933077646,0.8840076952403523,-1.0433550430653997,2.038616696237219,0.6808064705076686,115.94965585656912
0.47569395202825876,1.1139928288638081,0.8034592539833068,1.1088316271498357,0.28703640802001684,191.4991608538975
0.9224256502243736,-0.08496890776661827,0.3511165209975621,0.9160022356368183,-1.9465474776473017,148.67337810421614
0.45930530190516544,-1.5140111739288828,-0.3353949076589413,0.39997497383097946,-1.0033654399960161,-3.167735099321807
-1.619094685311262,0.040542420145420914,-0.2619805918060192,-0.10676297075780371,0.927917802389147,-152.985108548735
1.2064125012788025,0.08907036098071176,-0.40688533006953487,0.20251092234145796,-1.0199525711627888,129.99055030915738
0.7074824157094631,-0.9355928143280325,0.1390114809629942,1.735306792735099,-1.0105178677170696,151.93514602798498
0.3986074930920034,-0.7886415944225742,-2.788262232204538,0.7153058156584493,-0.5360476940651626,38.57002277552811
-0.5007964902546646,1.8945695266281224,-0.7232271888989484,-0.2277699879992129,0.32996393922638095,29.36978796901935
0.39498728638555247,0.16158248291624172,2.313176871839359,0.5201783819047607,0.7699302169370921,103.9243693285939
0.48354949280288584,1.5336539771700104,0.9245921181097133,-1.900781839544217,0.9507922367835445,-10.070317153974171
0.31494092728496875,-0.7155942734714145,-0.6711987769722266,-0.9110957572062062,-1.061959951951025,-78.91635721314175
0.21105996967640217,0.6704129250914801,0.23229015532101613,1.4834187986064993,0.47716670464615885,170.88551098308767
-0.3320808744988945,0.07785819399229005,-1.2353006640106654,0.3724412596604942,1.4998859454428648,2.9000721852994737
1.721355468630855,0.25877168494761155,-0.7610254767527391,-1.3208421332501472,-0.32780215826969505,73.30640615148604
-0.005704672244668719,0.4177188765555791,-1.2535344093634904,-1.1664810830729264,1.4133196412201965,-64.74230395002094
2.11050453049918,1.168367738578018,-0.18944752130475595,0.8080041567855125,1.1332084455740694,324.5761401326596
1.9261879211081905,1.3627263708083834,0.3852554231467791,-2.432686661530666,0.049871713663352045,71.68008775927044
-0.5151750196521262,-1.4977929969634634,-1.7925491169418506,0.876672843530853,-1.5282372255463517,-69.84089466183845
1.7187453094779954,0.13443506432315958,-0.6251627297966811,-0.7965380852114003,-1.0092540988172993,104.94197521876708
0.20272104771844934,1.0620960332724643,2.3530615151286907,-0.23364977801044418,-0.0888335430372612,68.46767428869768
1.311219733988469,-1.2847851821435268,0.47748705609811753,-0.05681386498219224,-0.08868635663939484,61.68233654668212
0.7744565690115706,1.3800501057932362,1.331751660967722,-0.45376139183916014,0.11272015793324808,117.2424126578238
0.23224086158564217,-1.2202880484309901,-1.0377128792183667,0.451865070147991,0.2990014263611389,-5.972676674882787
-0.5713551489210769,0.7493233919097326,-0.4278210837527752,0.7384143119959726,-0.516120565213376,37.78775114897395
0.3185523140913447,0.3606581690304336,-0.9575129596017211,-0.47772790738119436,0.3328444014349417,10.6704780483609
-1.7312513992296465,-1.4450973410904597,0.23177513854094461,1.5670503203298676,0.44582247930216845,-110.13346359006934
-0.23804262944224436,0.338312307090053,-0.3551846633466671,-1.1671580526388257,0.6627848386827098,-89.6900898353896
0.7956458716197166,-2.2990682150366863,1.2033145612151146,-0.7966941972205419,0.8514011016663824,-82.73093707057983
-1.9337494631595842,-0.09823543831968858,-0.15509141345539668,-0.11705488364497044,-0.8691235844804321,-197.94058804905063
-0.23946640972109198,-1.2878828962078843,-0.4944891614146485,-0.3374304639455233,-0.4830411069308459,-111.90324172395596
0.9430182214636993,0.8678308361087212,0.5915839950770652,-0.17368475763214383,-1.7469041666676945,117.02210473665512
0.9419021584505636,-0.1645199213166645,-2.613720669588176,-0.07284689714983864,0.9958947068120279,68.76884063721965
-1.3874067239730168,-0.7929296731414982,-0.4264633646117947,-0.9298526395321085,-1.628836744051763,-245.64438409190424
0.6215350373749814,-1.3872106425094792,0.32173951046223487,0.0974884764835587,0.5911574328212235,6.621900742043374
-0.3320655104127127,-1.675705073916578,0.9627257157324076,0.1565545361617021,-1.2777439475331973,-97.81697683001424
-1.3660934872536177,1.4151883458340375,-0.7085537038500859,0.1376515797816285,-0.18728702154962126,-51.45971671128564
0.3274964222020439,-0.4646440231887581,-1.1931278313719662,-1.2843483398119095,0.7989396100623565,-88.11362985006315
-1.1960434577592949,0.45975652790627447,-0.9831080036876662,0.3451719662664783,-1.2630318003921468,-72.7240798900853
-0.027900511664880896,0.736604763923497,-0.8481439620513831,-0.9446577290472898,0.8078792554315721,-36.25738803477037
0.30250974555783117,-0.8914064278145429,-0.06454448109118707,0.29387332418299106,0.43267655140633865,11.795217222285318
-1.9539555485270352,1.2115428007100968,-1.0742214661087255,-0.2624552615961881,0.3523773360759321,-145.4753097670363
-0.732094746656448,-1.4751479712289828,0.7110374827759445,-0.38302785021990093,0.4037446597847092,-162.29948595786198
-0.37373301852758956,-1.7670726682579976,-0.3723078489378421,0.026032434927104692,0.6518279665016782,-115.86796422325943
0.3981738808091656,-0.7892360707915792,0.24446203915121145,1.5403759163848478,-1.289743881697523,113.71022851631967
0.14573973704869608,0.9450857324272065,0.24452210177229577,-1.3844165140415994,0.5591548602114009,-36.907968734481834
0.6385982192503771,0.2183352044372695,-0.4969191315211647,-0.1549327179664438,-0.397867465859001,58.56215783685795
-0.5079707558052465,-1.5433091533037833,-0.665118882380502,-0.5345228094780602,-1.5398100134760468,-171.03912783318526
0.21645937480517813,1.1072554831578407,-0.8459672201798503,1.1481962789813887,-0.6562573628703138,156.77702960128465
-0.27044869741115163,0.19809622060406068,0.36010129801891877,-0.2270130241893579,-0.8120874039785677,-31.715789866725963
-2.0157405489533256,1.9953733518487051,-0.02809481465619073,-1.0511972871657669,-0.23859624118841763,-169.03606375648624
-0.6805818386774594,-0.2437068691057099,-0.4764622120781567,1.817618169339931,0.19640819947193702,62.668588426707025
1.344584207666433,-0.8433500583244466,1.1178537969786562,-0.022151731978741467,-0.03826572243929061,92.954813480298
0.2603769471757567,0.4643259009745585,1.5394517505971403,0.3555448284309087,0.1424821323915661,85.59975827022079
0.8638124060557195,-1.3003371545764097,0.4711740991547615,0.23414897166993612,0.4313378356592454,42.47209128877848
0.878766661929745,0.597036242206096,-1.6727439354212283,2.403462952460745,-1.1694223614947157,281.631713127864
-0.27218162727878903,0.28192583196909077,0.15620343527341174,-1.5872089359932313,-0.460106086384438,-129.698717543614
2.4033574284631984,-0.7454843655346199,-0.31214956612886785,-0.4302164996186414,-0.7435104491914439,156.87898189373513
0.20845429832604062,0.5705035239727767,0.9066621235975013,1.2420023978816999,-0.1771620995582367,147.91051377433294
0.46637964851959773,-0.3661467611245742,0.3808752730005637,0.6508607071932816,-1.1222988848716693,75.77365476095703
-0.6700910860228179,-0.4978035290271348,-1.168180109908788,-0.6669115733383972,0.25314435789477485,-140.07807353516787
0.20366739315631305,1.5981221794796738,-0.3354188019838927,-0.8144698380616299,-0.24312132553717902,36.601027172956975
1.5969835717057346,-0.2518103068193943,-0.39640082579011887,-1.5880566020829783,0.462319210263251,22.466332280126945
-2.285709002294722,-0.3571090667601726,0.38309831979288633,1.9360465976662853,0.8516341714243286,-78.70887041299758
-0.19095517262704131,-1.5218892537094408,0.0840725325191331,-1.878853551829853,-0.448745231686188,-231.93303825910152
0.9160319183520061,-0.09173086781593183,0.0834381865263375,-0.18646269641002694,-0.15688320344184284,71.03273479006148
-1.4915884108392725,-0.12227123464762568,-1.709480649034033,1.7180275044070894,0.5227360350064078,-21.61149754043369
0.27386947049146937,0.02252227845372179,-1.388090488287911,1.4934692100216669,1.1011769408601102,140.3713864141082
0.24897241437353262,0.8700037483945164,-0.7498016971290492,1.5309968947831087,-0.7842592789628264,176.97083444600287
-0.5429263006970579,0.043093826827268124,0.1250785937322363,-0.6168772648514642,0.7480595964191498,-87.91463769429768
-0.5592010564092763,0.411302613701538,1.1272891765459285,0.604871789724542,2.6000339550934335,32.977664020969534
-0.5429344296410414,0.6600139885912476,0.28274823791893716,1.2495069431185022,-0.7140152268996306,77.29445552645447
0.050664773058345935,-1.6278499995959528,0.5865329923511833,-1.3391948468923203,-0.3140845170474871,-170.43624079714726
1.5348307008783564,1.7204760716340968,-0.017690721572436466,-1.271288789310651,-0.5902733159170621,135.2032577337488
1.3859323133921577,0.5421663874291265,1.1792667905545136,1.7571513527561131,-1.430809822837944,292.7717980421893
-1.8179312600485735,-0.2282889686409841,-0.10136932252643023,0.43492263545057175,2.3668538559282783,-136.73365678540142
-0.056838015728051694,0.3464895125703525,0.43522238511317385,0.12426001043620152,-1.080255158350662,22.157522646512582
1.5384376339628736,-1.0052123131866042,-1.0407829999943956,0.297141254119549,0.36522124504045955,118.01325328185506
0.7444531727712269,0.24520382193177698,-0.9671327916783232,-1.3798288551232456,-0.17328248207848723,-23.991729099356128
-0.6211492957079093,1.9750761147486862,0.11735144887294757,-1.2271144892367247,-1.2811141922182019,-56.17057533031379
0.8470344728648526,1.3741137501483593,0.18646870255811226,-0.19708955906878464,-1.1412939756110752,131.41153093940397
-0.9146859511010234,0.8064189123854867,-0.04654361698150168,0.655132521769159,0.561589608112444,7.909684349821365
0.043136298716848966,1.39095767422754,-0.6722521451529025,-0.011334870930244989,1.7299254560298991,78.54228318772975
-0.7631656311893787,-0.036217601442685175,0.5661394533325317,-0.7675167041208285,0.047255953818533335,-124.69307270613687
-1.5789617846421045,0.7145455672260385,0.8915290497700696,0.3755451985510175,-0.03324485750846095,-78.41456420758824
-2.0584189597794187,-1.2226588420747535,-0.7075540537461728,-1.1590890519086252,0.7902474870610232,-338.390880770276
0.007927228220264702,1.1349846903615224,0.8645608820945447,0.3055581816399881,0.14860466968134262,88.39227932384634
-0.39798166048392275,2.14504593818197,0.02419765973731653,-0.7117898985744054,-0.47635713110550365,15.567116720255273
-0.5258163229730527,-0.3135833589998624,-0.409599127472067,-0.3931862727024751,0.24268103049280967,-92.25490104621548
-0.2606467355546708,0.12020495113177111,-0.42791885212554276,0.5109088832693405,0.7200141231663612,23.83786409207561
1.087767998705592,-2.209342243680616,-0.16098666209933046,-0.33251113427610557,-1.2583829912829927,-33.55083363203312
-0.411600409849534,0.15859717785882302,-2.5816256155422708,-2.0511420109501226,1.502708799380785,-190.01642529744308
2.1545601056721715,0.10167857494981695,0.4147344944398817,-0.9491574671837871,-1.7298629910126575,135.8981901184102
2.1350824757587183,0.2849996716971767,-0.03900520737204354,-0.6760098721578989,-1.697528681016366,160.8884788487385
0.1510092803409006,-0.5094145858620388,-0.5151936793970129,-2.513034951117244,0.5148037392035322,-196.42281016336747
-1.1513227970516031,-2.391474936714507,1.2884875581291186,1.0138515797405503,0.6261807635918966,-137.21328943960546
0.796483749241835,1.3204432808564268,-0.7158784250761835,2.002785820848165,-0.9999695064314809,285.54499350009434
1.1474389510440284,-1.7962337878739236,1.3512944144483037,-1.1130958391502288,0.0820135082857755,-52.92355073650768
-1.040979413256993,-0.7492317915951451,0.14458328828864417,1.2936465734149243,-0.06419828758712173,-33.951336807177164
0.4891653058791878,-0.026563728800818795,-2.134474819582584,-1.6378314955211843,0.5332107972820647,-83.91281241760231
-0.10130936888927958,1.1315811559615179,0.8197792760160323,1.0926594616323149,1.2482035103132985,141.81404481234546
1.7262183010088297,-0.05154558867821076,-0.6396059693697366,1.608286719077761,1.1541504994923515,286.2805458448234
-0.2001075929180443,0.49009112284998074,1.178403904127581,1.1063147220571723,-0.8345869828943231,94.81081212227495
1.2276734596744943,0.34137058484216076,-0.3503648652891455,-0.31321333224561887,-0.9629475464894562,105.3329836789344
1.075380063388182,-0.5607192295457563,0.6363185607083401,-0.5732237848617743,-1.2857166829481417,31.733443872868257
0.5719127419768816,-1.5313079051380571,0.1808177500776995,1.335820233215549,1.2620289012596098,89.52542848742978
0.7903349803997184,-0.5407832173937904,0.05312130896486378,-0.49533408622724023,-0.6397318016076264,11.802937683263687
-0.04313585626833814,1.2402431129035685,-0.9491502027732448,-0.11019436964479987,0.8001681503688874,49.9803662397226
-1.487743556814496,0.5932876443093633,2.4805326709866806,0.7725361729861087,-0.289809061545021,-37.53263110014764
-0.0102275782469448,0.00979746579530243,0.6866123298492907,0.4547585060423733,-1.4315141791697936,34.67923550243884
-0.4121044391579306,0.7001652312021432,0.21103716894527888,1.5177384782160237,-0.07162701603713757,113.64494931162866
0.16249459734811142,-0.7271359140161342,1.7817726815248165,0.4978940956275903,-0.7668467111280385,27.045200724489963
0.8056137502401358,1.2166866912572598,0.5299821478352358,-0.5822334499897239,0.19237567985127269,98.8513542287496
1.122716249823669,0.29249017124228466,-0.3087373499173921,0.04852894544826042,-0.4469676822317224,123.87856894514688
0.33851912237222165,0.30441629612716153,0.13530013671856145,0.8007722041339298,0.11081631897629761,110.97330212827094
-1.616421964847333,-0.2602271255501286,0.13590638112148434,0.12189299330972335,0.42399589727621995,-151.11445865515086
-1.089496548405806,0.4715673651997,-2.0438167721218736,0.7726430909609752,0.2598065646235921,-29.432937670765316
-0.17951851628683713,0.18205903562558332,0.690633858861796,-0.4428990032620467,-0.868613971048071,-37.49739096435488
-0.2724528208765465,-0.19853506942977456,-0.6163015275202698,-1.2267758408622473,0.1014121703377483,-127.74658287512165
3.07879479350778,3.333455373796415,2.348092545443699,-0.23698489534380757,-0.5621468851767275,450.36287326336895
-1.569598923495043,1.6386639385762243,-2.2547413025214293,0.18532749203557902,0.39530644497611744,-61.180516331158174
1.1019672755770702,1.5115571546126172,0.1421622561109194,-0.26538577500491745,-0.2698385974541603,161.62969343048215
0.5732502682786033,-0.49138419491354235,-2.0332698953161663,-0.10554078375567726,-0.17641366468239392,13.54568346792457
-0.3577351403059251,0.9795031092693436,0.4720525751758623,0.6682088310792033,-1.0374660469530985,64.951912428308
0.8662394243916244,-0.02251695566695499,0.2610276237013404,1.7897614404059854,-1.358242412985788,212.98406656010744
0.5200392637936289,1.116339778141625,1.1745782775544644,0.31254323033557635,1.592953383001274,144.07448891503802
-0.05403133405781255,-1.312908446205226,0.8693063938711509,-0.8593475754861557,1.4883881539013757,-119.4273776705836
0.3912920303442145,-0.2902969107431145,-1.0052343413362788,0.6997538609878323,-0.8536954423098986,69.24345744111136
-0.5797840259750222,-2.357856797946897,0.7570475051069627,-1.5282287443819826,1.1220885430131617,-272.99512641405437
-1.1406521310809554,-0.6333617397609721,-0.5416419436074059,0.8557007714907295,0.6201649336038535,-71.77454301870297
0.7982282642926875,-1.376049717469479,0.9168546923334093,0.5798555908317974,-0.5464634773862486,57.57631896941614
-1.6376831051890228,-0.8432615396553064,-1.0055130542169006,1.7016307237713353,1.1091176846800432,-65.98296946044981
-0.22642075481947024,-0.5733142988130824,-0.14826335937439916,-0.07235155346532991,2.641595947595202,-41.26533796386261
-1.0740773506457357,-0.464259824920261,1.0697172870923777,0.7650866331372692,0.38985476647777345,-56.30052323359273
-0.5378582696003932,-0.7425386489754897,1.7824597374658269,-0.5483898547872441,0.904928816719027,-112.44689226414135
1.124466729702018,-1.194643525422251,0.15502092637225692,-0.7489336868165528,0.12154400087795939,-3.3373817272466715
-0.008835167151718297,0.2352429807971254,0.6335010809273237,-1.4110528973747176,-1.1532192079554309,-94.21594225492746
-2.5907523569785984,-0.1587626872143879,-1.144810478560838,-0.8921888542531923,0.3114270280734095,-321.125279557744
0.3200397747997041,3.145009211055566,-0.059187253073568945,-0.32866302054090796,-1.3637705992823301,156.85842109633847
1.0808923356219633,-0.3501881536284464,-0.17287528518277417,1.056206168829825,-1.5906458919268298,159.8398910874132
2.3985560832226946,1.060519540424974,-1.9332919315214188,2.0200949581776224,0.10098028360805372,422.5926701639325
0.5468094644402582,1.5135963793903349,0.7389604500352234,-0.16411124454812304,-0.44646558513786344,117.90707372696328
-0.5956288493552528,0.41606176041107235,-0.41728439379328736,-0.8462940828880454,2.6758802869475873,-86.98546100847453
0.49610141338776276,0.023950232918579006,1.1005954605410093,0.6603042990091025,0.536757387223933,108.62028734487102
-1.0914173004725962,0.4372880876493821,-0.6265260313189497,-0.09820148692034876,0.3795074596894355,-87.81952848132373
2.2000712794766764,0.7852835788953684,-0.015836954832160074,-1.831578860249735,0.43182544513205934,113.38048371287655
-0.1551317281837923,2.1425071302308343,-1.5454192155789135,0.5032673001528201,0.776982795278457,126.90480482179416
-1.3999756468373907,-1.5740434345247285,-0.8977530765848372,-0.8530320305846281,0.6507473489644271,-272.27980554196006
0.2733752864891952,-1.2097384790403556,0.1418935541483135,0.9859194290772633,2.142385481322546,54.069082945294696
-1.4461057491909857,1.0869038873095984,0.9398976292396607,-0.1804044487102929,1.1283876197759146,-84.26115305043908
0.8072198938182308,0.014013295700998438,-0.38697545553409396,-1.352324783909559,-1.9037949158002159,-32.23746463791281
-0.7989523225087832,0.33481754448704093,0.3004245885088836,0.3411891886611279,-1.1363826719610164,-33.31465059684085
2.493149385171916,-1.632201877774496,-0.14141647069239555,-0.15412701638131426,1.3443786355567995,152.14307471234193
-1.5120102801617834,0.930823739832356,0.8200704291308957,0.5544225742108173,0.4033572595080789,-45.99849647245171
-0.32070288622776677,1.3696525710384952,-1.2005764472051494,1.8334099158392732,1.1364543927471917,175.23321686940068
-0.07608604605372399,0.6342919977535253,0.023870943244043458,-0.14738865783151667,1.1566517287630818,21.32083098542309
0.7127919647882711,-0.5254148760002542,-0.5301523620370657,0.9392533732313902,-0.5098099394502982,110.73234712623908
0.021181223584124612,-2.237705490322326,-2.2258401857111854,-0.3925948657976129,-0.2559168660246959,-147.37787364241456
-0.07332766087379246,-0.818134160262104,0.5140633395874019,-0.8655483442058386,0.734314329730931,-103.08919006504108
-0.2367698056403423,1.1365991902351746,0.44586484725620035,0.056866716362216914,-1.239423517595706,37.410347967684174
-1.007431236875237,-0.3320278729602012,-0.1724760460843002,-0.6607761327072537,-0.571557161741903,-160.89813773024127
1.0138767328526368,-0.6410351602488302,-1.3897450419717798,0.07039825860005046,0.4277066326572208,66.73296238201652
0.4219378567233066,1.3480463544779495,-0.5368292341569226,-1.0026413271375056,-0.2470467842708654,30.03602175782829
-0.6656300120663983,-0.3268166063513356,1.7114527014150835,0.030587832008354906,0.49843386760004993,-62.18492914436088
0.2571348248706257,-0.7216184179367876,-0.6111612944749765,-0.43885988370860723,0.28390431563193275,-41.88133746484744
-2.525787666970436,-1.0085494636936,-0.4860095497260399,-1.8589069743612017,0.5470665827568749,-425.0697612837239
0.8760078824605617,-0.37163704237664924,1.1235448710067282,0.3457725634502063,-0.5348252041725509,97.85678996581431
0.7617159935273567,-0.11272496227522753,-0.275835239769989,0.6239337897792752,0.4761763018463808,116.44242432001296
0.23545583400713316,0.3971760328115557,0.2707162474279705,-1.9168606335456067,-2.1038420742314194,-106.84965460834071
0.07333512377374325,-0.33624270510089177,1.5961742777628998,-0.4977246954484935,0.6865844088566843,-32.23142937110311
-0.20507834533526847,-1.066471364094895,0.39097659032626897,-0.14881399452683844,-0.2342690044948458,-78.32937644692295
-0.31002200296604965,-0.7013785063327346,1.0286689059852736,-0.26004964169579764,2.7650124792063986,-62.913295487106815
-0.647868919322376,0.8675785510486459,-0.5886024291814714,-0.17308863965542434,-0.6494087708833511,-34.58262577376756
1.435949960140101,-0.10202681768794687,-0.8689043579115691,-0.2251154059333128,0.6366611801984359,115.65140166779352
0.3993380178456702,1.5291332139523321,-0.07095109848652408,-0.8376555262893854,-0.5592477721304902,49.73674931319244
0.10112366209466286,-2.1327853076726666,-0.22012814383316692,0.16232804282457988,-0.41733937526076886,-82.2807620231057
1.9945460595402047,-0.9120838803227315,-2.2271072630631585,-0.3720221656815775,1.0836821091933027,111.9430415039315
0.22195515097409768,0.46153637610166265,-1.2052008883821053,0.039616212905255625,0.33478711179929255,44.531738969649126
1.0532238567309409,-2.7409505275882684,0.5449658573375106,1.3871888191501842,0.03289245650383697,75.2822637209383
0.8871980058222271,0.9841252276696746,-1.0349463526978933,-1.2962490377890887,1.367165001448732,38.530351280227585
-0.21279444726154367,1.109653343798114,-0.6566272872196333,0.11540818608831666,-0.14365883162054718,42.30373096188857
-1.4728365563424841,0.39923809645407876,-1.2323809099728964,-0.4805077377495471,0.14661770996728254,-158.41049281602324
0.514649153836617,-0.001402431562199421,0.1557358455518768,1.2344824659130067,0.39865358753285557,147.1142433606568
-1.6252075698241928,0.4664407406685166,-2.080611499535398,1.225591115002726,-0.4293486916128904,-48.8271914036725
0.06552623823953874,2.0038363661956424,-1.5403292090688492,-0.04923941132949387,0.9620787074386609,99.30017694165478
-1.080906344100693,1.8657912117643625,-0.3141387171273045,-0.24845269372618606,-0.17273133869864984,-28.083146671118204
-0.31864779444763486,-0.9208207711576262,-0.20853486805761148,1.7053389707492912,-1.0155016014154268,50.67861728360921
-0.11583955070259086,-1.106560788138906,0.5548185476192712,0.3316543624687364,-1.0087043863249812,-38.59021031965271
0.1900815886193045,0.10780559927008772,1.2131878098714466,0.42589193359612687,0.5180856269577988,67.2962107745949
1.370955432326605,1.3450483250385084,2.2493756804599205,-0.6158541478375064,0.4057012500420819,166.2383657652424
-0.28408243330216215,-0.7830113505232512,1.0351609943954725,1.1982621681565837,-0.7005824658211827,31.10971303654074
-0.41622811954418737,-0.23017463694974205,0.9523701745462415,0.3116273928431312,2.3070025183157057,-9.315987754823754
0.5329167889770188,0.4327757855921856,1.9563804276157584,0.464300539247594,-0.8606316094744355,115.71649434128264
1.7528202863896651,-0.3173228842658505,-2.1213371614373573,0.400683645495662,-0.8514404989237095,168.80397819353473
-0.8285630815493786,1.529323623679294,0.4104303834163326,2.1796528809953544,0.0672076016790652,165.67505461708205
-0.039695720199597974,1.0705118718252014,1.5912091381698963,-0.03068034328725299,-1.8917313236474018,48.909431324993506
-0.3237075118435884,1.465937728800084,-0.06641962298287891,0.24265211579544674,0.812862184703754,65.2088711023891
0.43819388151965727,0.60854483608,1.1075856813385718,-0.9164674421501051,-0.6824442676830049,8.310148462813286
0.02625976845120388,-0.0085936952069012,-0.5182262635319602,-0.1888887755341759,0.6118504583743841,-8.760045825733025
-1.1787440395461632,0.3797741207639351,0.3294992035587258,2.1989941703774756,-1.4026228001997145,71.54140350036425
1.382036890428021,0.7820536758025731,-1.288628416030305,1.3305443219372266,-0.2873945293828675,263.935115471302
0.00881822305985877,2.0684696558680926,0.6285396465708915,0.42787707167777755,2.433306778434662,152.32303856208893
1.229994273193539,0.7805046010252825,0.9512427097763333,-0.6319497840280903,-0.17267786649042305,114.72758876023978
0.7577073987485374,0.10039379995573046,-0.5058160244175924,0.12768167165967784,-2.3134378508458417,76.88235237789189
-0.5489029649407402,0.6941543882780996,-0.13898500945523706,-1.712976831008129,-0.18028287505809124,-145.13465783380343
0.5936300809392308,0.20548464084172474,-0.45527397774880557,-0.16082154370696938,2.7914635218023083,67.05732265672356
1.0684770943101385,0.22687916638642128,-0.11460099348245427,-0.18374934628932194,1.3010437140457234,106.46551119842628
-1.4342908102122434,0.2528920429622561,1.0749455753758559,0.712234740677082,-0.8509372335031049,-64.19180153462429
-0.20029271558807787,-0.5386823473083071,1.061412587843221,-0.7690646387518905,-0.9144563554702239,-98.19075456796332
-0.5271895477434844,-2.0437993950413373,-0.5366754296416258,0.29048459701324464,-0.2913268818255342,-129.03426090282125
-0.748892195721076,-0.6458102873518404,-0.38970782089801587,-1.2105537856148405,-1.0535247966647596,-196.8635035948276
-0.9479227298888395,0.1723573230703384,-0.274339292119579,0.869391785295637,1.0544052786790206,-8.904308300585805
0.7236137399961188,0.16543926464827477,-0.4504685799447241,0.06372005373187885,0.3350916151693272,84.00653743220373
-0.1758493592660572,0.7963103960089537,0.684950222329121,1.4636282600858292,-0.8842437170080549,135.70167540276043
-2.024533572464908,-0.4141463896858511,-0.23522553889859854,-2.1267069495301123,0.2902214233551418,-367.91934005206514
-0.13320184994162768,0.6599504655156045,0.29248812610382247,-0.9740062380558558,-0.11643213952277899,-48.85864816283069
0.8751634179728118,0.5635703561004826,-0.6191177763822775,-1.6601605099317305,-0.3009457252653326,-15.484877346253292
0.21458732381529214,-0.4512290285444012,-2.2706762119154003,0.7241164373527131,-1.0900719584509064,39.01327431096239
0.3227607543536749,-1.1124561504184267,0.4175564286360795,0.7256718376133056,0.903533740544517,39.50142948966212
-0.4603761933428957,0.46808771707289276,0.9282610996432069,0.07449793970448465,0.16830137863220634,-5.918857596848905
-1.1117515503890545,1.1657853489705052,0.6648241014294592,-0.8494037966596453,-0.3091058753191287,-106.25356391812434
-0.10870301645752131,-0.6505009376417066,-0.2643919789941069,-0.22493745197001036,-0.8264159470346523,-60.79776080221361
0.29359205400196614,-0.5752111984343639,-0.6436794185000881,1.4562903174194308,0.08480234089485357,108.76903177402968
0.6728981309333254,-0.5323172119593833,-0.7868473404123161,0.9299771329913462,-1.909788723721356,98.06829169723902
-0.38588059395604746,-0.0945924365133623,0.5349196993448156,1.7881278166026362,-0.07471508786066222,99.17082561359308
0.18602909144218585,0.6632777261204391,-1.7280715548443253,-0.6035452854381668,2.1565341851717186,8.91438832991614
-1.9701059083446524,1.0123187351854963,1.1967883998830033,1.141004940046891,0.021762726275554384,-41.42264884409664
0.759601768426987,-0.08060401690355715,1.2548107602681173,-0.7289922402628166,-1.5858699848187943,16.192081568590556
-0.5092694193660547,1.4206028825255985,-2.160270753148322,-0.4919537069301114,-0.636871769649222,-26.207872151609585
-1.603306594665044,-0.6693428626960062,-0.03975883683407036,1.4241009869065573,-1.4339656197699024,-81.02528643428523
-1.453017078819525,-0.8308669750909693,1.71866978835722,-0.4763458931763987,-0.19689889082688203,-201.9084964890258
1.7304210295743971,0.4148910346317881,1.2218681081707548,1.7892179864586675,-1.0027802482270225,324.20032650318154
-0.09331207165516411,-0.9274266004434917,1.4521005626236976,-0.5521238345321634,-0.003305148001475596,-84.8986804318407
0.16937286169907698,1.8596016548477559,1.9386254897960498,1.2274303927761456,-1.4802604014276683,206.31924924742216
0.7742423409556696,1.6887290680018758,0.7355755918915373,0.4503290062431207,0.8519843282645817,201.10507851202635
0.24698974812810962,-0.24373704662316797,0.23088848309346094,0.22846576584578512,1.4400540878353356,38.9948719113946
-0.9436005888371672,-0.5584630101500269,2.406722433606361,1.2586876897905839,0.9667535106954944,-2.572022944961518
0.9862946220515193,-0.5161895624459703,1.5397752085363567,-0.48375143014698385,0.3042574922920074,44.33262518367826
1.8661619510621243,2.1768239088138563,0.8491717394415441,0.5863929434348519,0.8704437339037701,339.84388500271393
-2.0484388860272125,-1.3767004441005497,-0.29692626503442837,0.13757001990991397,-0.287996381611731,-250.603489454977
-2.137873655199366,-1.4628219955560393,0.34316811366630473,-0.6393187796564157,0.6137188296670218,-313.88287959695066
-0.16317379402455154,0.2545198738247591,0.9802372450251755,-2.281385744972793,0.07815879502461588,-165.46312598404091
-1.5963932321199945,1.0104319615507744,-2.473311162641419,0.010103096127239019,-0.13004484892821688,-111.4828827848133
-1.1771806535557157,-0.170076776902182,1.8217579892751492,0.05422197917676463,-1.8131664509471177,-109.84696332679388
0.67653757928225,0.32438782577025593,0.8749287286025603,-1.7681817830009148,-1.725173929935048,-52.897571449719486
1.5435536179712293,1.3406301382763233,-0.3982198386483209,-0.5657865046088728,0.5502314624973301,171.70385560033162
-1.3495610978657742,-0.4126329050936647,2.0493689154964154,-0.42649347782250946,1.4503817865772082,-159.27701723107745
0.20393564085739113,-1.2111735340335141,1.700308366280365,0.6478377120069073,0.6995135123191059,24.544839985020506
-0.14252218069258973,-0.673477372447098,-0.32870343038095096,0.8843424954526742,-0.45828368945609954,18.47116921195744
0.6621319759308589,0.9638352109095072,0.6534130193234018,-0.24806993290233684,-1.4528521574951154,90.98171179281164
0.1430581711296243,-0.4764012389770847,2.471544830042526,0.02518937615255912,-2.7379892056753254,-3.427910368831465
0.1592327164105131,0.4631758934726428,-0.22788559672530478,-1.007371736650997,-0.6189648515567377,-38.0622457175329
0.5599473049212517,0.20023595048377668,0.045131584904617425,-0.35916296338115905,0.46953885591314115,40.950252168341166
0.4034757078572345,-1.1782148392785854,-1.2792449261755328,1.5723293618420884,-0.6250815806927295,91.42085648197838
0.8277226468614982,0.9904485655415268,0.32553011218379213,-0.3143229018375179,0.2236961047851276,108.70867101336732
-0.542270665792032,1.125962397701518,0.16854259195661114,0.5724013455067148,0.7193070304775824,54.692974947995566
-0.917782942525926,0.0017521458171267685,-1.1860458154400342,0.738779906923302,-0.8505924921564323,-37.238142033127794
-1.7456024052472698,-0.4923890754705917,-0.40277994878918283,1.2769487705983347,1.3807206420687088,-86.0309898219321
1.0323632050883134,-0.21172156324603786,-0.7551451105142702,-0.659170217061727,0.43287849688729024,39.02885936121217
1.7054290400817405,-0.9841791717840858,-0.3939404116891657,0.2913336259319688,-1.1932407796459514,131.32573210722651
-1.6658593687344212,0.20112776834689725,-0.11399068288150938,0.4625705517560075,0.8195244038994569,-106.0814841879885
0.8109914624278507,-0.986474053169923,-1.1430189717629964,1.589037278905055,-0.8931508347390771,140.49655630795914
-0.4161219624694136,-0.4589368676970952,0.1325314771861213,0.14603557164148645,-0.1616807609617466,-47.987162899342295
0.06557985733738682,-0.3691755825222445,-1.7654164737305043,0.03042718788250675,0.8042661553269425,-12.45302197497599
-1.4196542602978777,-0.2175819712773385,0.6237609268794404,0.34515461996228736,1.0761266827967024,-107.65808050918444
1.4433059127042562,0.39666116625749376,1.7699168501773364,-0.14687957603848253,-0.6064979973697213,154.84382803689607
